Date,Time,X,Y,Z
2025-07-15,05:36:18.8,-0.040901895612478256,0.07503358274698257,0.01763082854449749
2025-07-15,05:36:19.1,-0.040901895612478256,0.07502481341362,0.017668109387159348
2025-07-15,05:36:19.4,-0.040901895612478256,0.07497949153184891,0.017859462648630142
2025-07-15,05:36:19.7,-0.040901895612478256,0.075025774538517,0.017664043232798576
2025-07-15,05:36:20.1,-0.040901895612478256,0.07501974701881409,0.01768960990011692
2025-07-15,05:36:20.1,-0.1745147556066513,0.7837231159210205,-1.1421332359313965
2025-07-15,05:36:20.1,-0.6980590224266052,1.1772353649139404,0.27563777565956116
2025-07-15,05:36:20.4,-0.040901895612478256,0.07500103861093521,0.017768748104572296
2025-07-15,05:36:20.4,-0.21814344823360443,0.365988552570343,1.3295154571533203
2025-07-15,05:36:20.4,0.5671729445457458,1.2736074924468994,-0.073379285633564
2025-07-15,05:36:20.7,-0.040901895612478256,0.07499061524868011,0.017812715843319893
2025-07-15,05:36:21.1,-0.040901895612478256,0.0749950185418129,0.017794169485569
2025-07-15,05:36:21.4,-0.040901895612478256,0.0750073492527008,0.017742088064551353
2025-07-15,05:36:21.8,-0.040901895612478256,0.07500448822975159,0.01775420643389225
2025-07-15,05:36:22.1,-0.040901895612478256,0.07501914352178574,0.01769218035042286
2025-07-15,05:36:22.4,-0.040901895612478256,0.07499582320451736,0.017790768295526505
2025-07-15,05:36:22.4,0.0,0.38580361008644104,0.9734217524528503
2025-07-15,05:36:22.7,-0.040901895612478256,0.07499848306179047,0.017779534682631493
2025-07-15,05:36:22.7,-0.5671729445457458,0.9512749314308167,0.24521704018115997
2025-07-15,05:36:23.1,-0.040901895612478256,0.07500243186950684,0.017762871459126472
2025-07-15,05:36:23.4,-0.040901895612478256,0.07500093430280685,0.017769215628504753
2025-07-15,05:36:23.7,-0.040901895612478256,0.07500051707029343,0.017770983278751373
2025-07-15,05:36:23.7,0.0,0.14497841894626617,1.0370031595230103
2025-07-15,05:36:24.1,-0.040901895612478256,0.07500089704990387,0.017769351601600647
2025-07-15,05:36:24.1,0.0,0.3936743140220642,0.9702653288841248
2025-07-15,05:36:24.4,-0.040901895612478256,0.07499966770410538,0.0177745521068573
2025-07-15,05:36:24.4,0.0,0.4009302854537964,0.9672896265983582
2025-07-15,05:36:24.8,-0.040901895612478256,0.07499866187572479,0.017778795212507248
2025-07-15,05:36:25.1,-0.040901895612478256,0.07499624788761139,0.017788980156183243
2025-07-15,05:36:25.4,-0.040901895612478256,0.07499992102384567,0.017773481085896492
2025-07-15,05:36:25.8,-0.040901895612478256,0.07500019669532776,0.01777232624590397
2025-07-15,05:36:26.1,-0.040901895612478256,0.07500126212835312,0.017767831683158875
2025-07-15,05:36:26.4,-0.040901895612478256,0.07500073313713074,0.01777004823088646
2025-07-15,05:36:26.7,-0.040901895612478256,0.07500004023313522,0.017772970721125603
2025-07-15,05:36:27.1,-0.040901895612478256,0.07500084489583969,0.017769580706954002
2025-07-15,05:36:27.5,-0.040901895612478256,0.07499811798334122,0.017781095579266548
2025-07-15,05:36:27.8,-0.040901895612478256,0.07499893009662628,0.017777662724256516
2025-07-15,05:36:28.1,-0.040901895612478256,0.07499807327985764,0.01778126135468483
2025-07-15,05:36:28.4,-0.040901895612478256,0.07499923557043076,0.0177763719111681
2025-07-15,05:36:28.8,-0.040901895612478256,0.07500266283750534,0.017761893570423126
2025-07-15,05:36:29.1,-0.040901895612478256,0.07499875873327255,0.01777840033173561
2025-07-15,05:36:29.4,-0.040901895612478256,0.07499844580888748,0.017779720947146416
2025-07-15,05:36:29.8,-0.040901895612478256,0.07499752193689346,0.017783600836992264
2025-07-15,05:36:30.1,-0.040901895612478256,0.07500006258487701,0.017772898077964783
2025-07-15,05:36:30.4,-0.040901895612478256,0.07499817758798599,0.01778084598481655
2025-07-15,05:36:30.7,-0.040901895612478256,0.07499796897172928,0.017781708389520645
2025-07-15,05:36:30.7,-0.22496041655540466,0.7064017057418823,2.282183885574341
2025-07-15,05:36:30.7,-1.04981529712677,2.03306245803833,-0.7228541970252991
2025-07-15,05:36:31.1,-0.040901895612478256,0.0749950259923935,0.017794128507375717
2025-07-15,05:36:31.1,-0.14997361600399017,1.2529306411743164,2.0409915447235107
2025-07-15,05:36:31.4,-0.040901895612478256,0.07499635964632034,0.01778850145637989
2025-07-15,05:36:31.4,-0.07635020464658737,1.5826289653778076,1.8597619533538818
2025-07-15,05:36:31.8,-0.040901895612478256,0.07499690353870392,0.01778622344136238
2025-07-15,05:36:32.1,-0.040901895612478256,0.07499624788761139,0.017788968980312347
2025-07-15,05:36:32.1,-0.4499208331108093,1.1789394617080688,-2.0409915447235107
2025-07-15,05:36:32.1,-1.274775743484497,2.030787229537964,0.09393317252397537
2025-07-15,05:36:32.5,-0.040901895612478256,0.0749959722161293,0.017790155485272408
2025-07-15,05:36:32.8,-0.040901895612478256,0.07499705255031586,0.01778559945523739
2025-07-15,05:36:33.1,-0.040901895612478256,0.07499426603317261,0.0177973210811615
2025-07-15,05:36:33.4,-0.040901895612478256,0.07499624788761139,0.01778898946940899
2025-07-15,05:36:33.8,-0.040901895612478256,0.07499773800373077,0.017782706767320633
2025-07-15,05:36:33.8,0.0,1.373870611190796,2.1767940521240234
2025-07-15,05:36:33.8,0.9271096587181091,2.0755882263183594,-1.9063084125518799
2025-07-15,05:36:33.8,-0.46355482935905457,2.8589513301849365,0.6427488327026367
2025-07-15,05:36:34.1,-0.040901895612478256,0.07499902695417404,0.01777726784348488
2025-07-15,05:36:34.1,-0.08044039458036423,0.6691979765892029,2.4842817783355713
2025-07-15,05:36:34.1,1.0457251071929932,2.3322088718414307,-0.3053090572357178
2025-07-15,05:36:34.1,1.0198205709457397,0.5712185502052307,-2.7267720699310303
2025-07-15,05:36:34.4,-0.040901895612478256,0.07499939203262329,0.017775706946849823
2025-07-15,05:36:34.4,1.0198205709457397,2.303975820541382,-1.566292405128479
2025-07-15,05:36:34.8,-0.040901895612478256,0.07499820739030838,0.017780698835849762
2025-07-15,05:36:34.8,0.9134756922721863,1.883978009223938,-2.039811849594116
2025-07-15,05:36:35.1,-0.040901895612478256,0.07500191777944565,0.01776505447924137
2025-07-15,05:36:35.4,-0.040901895612478256,0.07499907165765762,0.017777059227228165
2025-07-15,05:36:35.8,-0.040901895612478256,0.07499966770410538,0.0177745521068573
2025-07-15,05:36:35.8,1.1125315427780151,1.3086220026016235,-2.4189653396606445
2025-07-15,05:36:36.1,-0.040901895612478256,0.07500132918357849,0.017767541110515594
2025-07-15,05:36:36.1,-0.553538978099823,0.8873845338821411,2.3042116165161133
2025-07-15,05:36:36.1,0.8698469996452332,2.2940568923950195,-0.6196103096008301
2025-07-15,05:36:36.4,-0.040901895612478256,0.0749988704919815,0.017777912318706512
2025-07-15,05:36:36.4,-0.3953849971294403,0.6460970044136047,2.414431095123291
2025-07-15,05:36:36.8,-0.040901895612478256,0.07499802112579346,0.01778147928416729
2025-07-15,05:36:36.8,1.0198205709457397,2.1278271675109863,-1.798312783241272
2025-07-15,05:36:36.8,-0.31630799174308777,0.7799060940742493,2.3864080905914307
2025-07-15,05:36:36.8,1.0280009508132935,2.28519868850708,-0.3526023030281067
2025-07-15,05:36:37.1,-0.040901895612478256,0.07499786466360092,0.01778215542435646
2025-07-15,05:36:37.1,1.0198205709457397,1.4786206483840942,-2.3611984252929688
2025-07-15,05:36:37.4,-0.040901895612478256,0.0749988704919815,0.017777912318706512
2025-07-15,05:36:37.8,-0.040901895612478256,0.07499829679727554,0.017780346795916557
2025-07-15,05:36:38.1,-0.040901895612478256,0.07499966770410538,0.0177745521068573
2025-07-15,05:36:38.1,1.0198205709457397,1.7743607759475708,-2.147840976715088
2025-07-15,05:36:38.5,-0.040901895612478256,0.07500004023313522,0.017772981896996498
2025-07-15,05:36:38.8,-0.040901895612478256,0.07499773800373077,0.017782697454094887
2025-07-15,05:36:38.8,0.8221281170845032,0.8914234638214111,-2.6597204208374023
2025-07-15,05:36:38.8,2.009646415710449,2.1185951232910156,0.13236309587955475
2025-07-15,05:36:39.1,-0.040901895612478256,0.07500025629997253,0.017772085964679718
2025-07-15,05:36:39.1,0.7307805418968201,1.4323445558547974,-2.4411046504974365
2025-07-15,05:36:39.1,1.9182989597320557,2.1793835163116455,0.3392046391963959
2025-07-15,05:36:39.4,-0.040901895612478256,0.07500181347131729,0.01776549220085144
2025-07-15,05:36:39.8,-0.040901895612478256,0.07499951124191284,0.017775217071175575
2025-07-15,05:36:40.1,-0.040901895612478256,0.07500085234642029,0.01776953786611557
2025-07-15,05:36:40.4,-0.040901895612478256,0.07499920576810837,0.017776496708393097
2025-07-15,05:36:40.8,-0.040901895612478256,0.07499989122152328,0.017773615196347237
2025-07-15,05:36:40.8,0.6994224190711975,2.3223752975463867,-0.5493005514144897
2025-07-15,05:36:41.1,-0.040901895612478256,0.07499641925096512,0.017788272351026535
2025-07-15,05:36:41.5,-0.040901895612478256,0.07499859482049942,0.01777905598282814
2025-07-15,05:36:41.5,1.0198205709457397,1.191785454750061,-2.518178701400757
2025-07-15,05:36:41.8,-0.040901895612478256,0.07500085234642029,0.01776953786611557
2025-07-15,05:36:42.1,-0.040901895612478256,0.07499925047159195,0.01777629926800728
2025-07-15,05:36:42.1,0.9271096587181091,1.7712465524673462,-2.1919772624969482
2025-07-15,05:36:42.4,-0.040901895612478256,0.07499774545431137,0.017782654613256454
2025-07-15,05:36:42.8,-0.040901895612478256,0.07499855756759644,0.017779221758246422
2025-07-15,05:36:43.1,-0.040901895612478256,0.07499855756759644,0.017779221758246422
2025-07-15,05:36:43.4,-0.040901895612478256,0.0749993696808815,0.017775820568203926
2025-07-15,05:36:43.8,-0.040901895612478256,0.07499931752681732,0.017776018008589745
2025-07-15,05:36:44.1,-0.040901895612478256,0.0749979242682457,0.01778191700577736
2025-07-15,05:36:44.4,-0.040901895612478256,0.07499481737613678,0.017795002087950706
2025-07-15,05:36:44.4,-0.3217615783214569,0.40675440430641174,2.52130389213562
2025-07-15,05:36:44.8,-0.040901895612478256,0.07499513775110245,0.01779363863170147
2025-07-15,05:36:44.8,-0.16088078916072845,1.4353702068328857,2.130676507949829
2025-07-15,05:36:45.1,-0.040901895612478256,0.07499632239341736,0.01778864674270153
2025-07-15,05:36:45.4,-0.040901895612478256,0.07499449700117111,0.017796333879232407
2025-07-15,05:36:45.8,-0.040901895612478256,0.07499578595161438,0.017790913581848145
2025-07-15,05:36:46.1,-0.040901895612478256,0.07499471306800842,0.017795449122786522
2025-07-15,05:36:46.4,-0.040901895612478256,0.07499825209379196,0.01778051257133484
2025-07-15,05:36:46.8,-0.040901895612478256,0.0750001072883606,0.01777268946170807
2025-07-15,05:36:47.1,-0.040901895612478256,0.07499879598617554,0.01777823455631733
2025-07-15,05:36:47.5,-0.040901895612478256,0.07499387115240097,0.01779898628592491
2025-07-15,05:36:47.8,-0.040901895612478256,0.07499388605356216,0.01779894530773163
2025-07-15,05:36:48.1,-0.040901895612478256,0.07499273866415024,0.01780376024544239
2025-07-15,05:36:48.4,-0.040901895612478256,0.07499483227729797,0.017794929444789886
2025-07-15,05:36:48.8,-0.040901895612478256,0.07499172538518906,0.017808014526963234
2025-07-15,05:36:49.1,-0.040901895612478256,0.07499237358570099,0.017805300652980804
2025-07-15,05:36:49.5,-0.040901895612478256,0.0749930739402771,0.01780235581099987
2025-07-15,05:36:49.8,-0.040901895612478256,0.07499241828918457,0.017805103212594986
2025-07-15,05:36:49.8,5.45222282409668,1.346961498260498,-0.36671584844589233
2025-07-15,05:36:50.1,-0.040901895612478256,0.07499376684427261,0.01779942214488983
2025-07-15,05:36:50.5,-0.040901895612478256,0.074990414083004,0.01781356893479824
2025-07-15,05:36:50.5,-4.19926118850708,2.264876365661621,-0.5181064605712891
2025-07-15,05:36:50.5,-4.005659103393555,2.8612961769104004,0.2701658606529236
2025-07-15,05:36:50.8,-0.040901895612478256,0.07499077171087265,0.017812050879001617
2025-07-15,05:36:50.8,-3.851595163345337,3.055518865585327,0.3665109872817993
2025-07-15,05:36:51.1,-0.040901895612478256,0.07499189674854279,0.017807306721806526
2025-07-15,05:36:51.1,-4.012475967407227,2.545867919921875,0.18338744342327118
2025-07-15,05:36:51.1,-4.159722805023193,2.6311938762664795,-0.28077808022499084
2025-07-15,05:36:51.4,-0.040901895612478256,0.07499024271965027,0.017814287915825844
2025-07-15,05:36:51.8,-0.040901895612478256,0.07498744875192642,0.01782604120671749
2025-07-15,05:36:52.1,-0.040901895612478256,0.07499060779809952,0.017812738195061684
2025-07-15,05:36:52.4,-0.040901895612478256,0.07499093562364578,0.01781136356294155
2025-07-15,05:36:52.8,-0.040901895612478256,0.07499157637357712,0.01780864968895912
2025-07-15,05:36:53.1,-0.040901895612478256,0.07499157637357712,0.01780864968895912
2025-07-15,05:36:53.4,-0.040901895612478256,0.07498959451913834,0.017816992476582527
2025-07-15,05:36:53.8,-0.040901895612478256,0.07499008625745773,0.017814921215176582
2025-07-15,05:36:53.8,0.0,0.6397110819816589,2.039848804473877
2025-07-15,05:36:53.8,0.8016771078109741,1.9747751951217651,-0.1667042374610901
2025-07-15,05:36:54.1,-0.040901895612478256,0.07498810440301895,0.017823264002799988
2025-07-15,05:36:54.4,-0.040901895612478256,0.07498717308044434,0.017827175557613373
2025-07-15,05:36:54.4,-0.13361285626888275,0.8321675062179565,1.964652180671692
2025-07-15,05:36:54.8,-0.040901895612478256,0.07498878985643387,0.017820393666625023
2025-07-15,05:36:55.1,-0.040901895612478256,0.07498787343502045,0.01782425306737423
2025-07-15,05:36:55.4,-0.040901895612478256,0.07499276101589203,0.01780366711318493
2025-07-15,05:36:55.8,-0.040901895612478256,0.07499191164970398,0.0178072452545166
2025-07-15,05:36:56.1,-0.040901895612478256,0.07499025017023087,0.017814256250858307
2025-07-15,05:36:56.5,-0.040901895612478256,0.07498621195554733,0.017831241711974144
2025-07-15,05:36:56.5,-0.19632910192012787,0.5541222095489502,-1.456465244293213
2025-07-15,05:36:56.8,-0.040901895612478256,0.07498976588249207,0.017816273495554924
2025-07-15,05:36:56.8,-0.24541138112545013,1.0500190258026123,1.1419811248779297
2025-07-15,05:36:56.8,-0.7362341284751892,1.3602299690246582,0.2731688320636749
2025-07-15,05:36:57.1,-0.040901895612478256,0.07498713582754135,0.01782735250890255
2025-07-15,05:36:57.4,-0.040901895612478256,0.07498621195554733,0.017831241711974144
2025-07-15,05:36:57.8,-0.040901895612478256,0.07498826831579208,0.01782257668673992
2025-07-15,05:36:58.1,-0.040901895612478256,0.07498697191476822,0.01782802864909172
2025-07-15,05:36:58.4,-0.040901895612478256,0.07498778402805328,0.017824627459049225
2025-07-15,05:36:58.8,-0.040901895612478256,0.07498539984226227,0.01783464290201664
2025-07-15,05:36:59.1,-0.040901895612478256,0.0749894455075264,0.01781763695180416
2025-07-15,05:36:59.5,-0.040901895612478256,0.07498551160097122,0.017834166064858437
2025-07-15,05:36:59.8,-0.040901895612478256,0.07498696446418762,0.017828049138188362
2025-07-15,05:37:00.1,-0.040901895612478256,0.07498879730701447,0.01782035082578659
2025-07-15,05:37:00.5,-0.040901895612478256,0.07499046623706818,0.017813339829444885
2025-07-15,05:37:00.8,-0.040901895612478256,0.07498697191476822,0.01782802864909172
2025-07-15,05:37:01.2,-0.040901895612478256,0.07498718798160553,0.01782713271677494
2025-07-15,05:37:01.4,-0.040901895612478256,0.07498767226934433,0.017825104296207428
2025-07-15,05:37:01.8,-0.040901895612478256,0.07499002665281296,0.01781517080962658
2025-07-15,05:37:02.1,-0.040901895612478256,0.07498960942029953,0.017816949635744095
2025-07-15,05:37:02.1,0.0,0.4498559832572937,1.4592365026474
2025-07-15,05:37:02.1,0.572626531124115,1.4137643575668335,-0.07148897647857666
2025-07-15,05:37:02.5,-0.040901895612478256,0.07498767226934433,0.017825094982981682
2025-07-15,05:37:02.8,-0.040901895612478256,0.07499164342880249,0.017808357253670692
2025-07-15,05:37:03.1,-0.040901895612478256,0.07499144226312637,0.017809242010116577
2025-07-15,05:37:03.4,-0.040901895612478256,0.07498901337385178,0.01781945675611496
2025-07-15,05:37:03.8,-0.040901895612478256,0.07499099522829056,0.017811104655265808
2025-07-15,05:37:04.1,-0.040901895612478256,0.07499127089977264,0.01780993863940239
2025-07-15,05:37:04.4,-0.040901895612478256,0.07499078661203384,0.017811967059969902
2025-07-15,05:37:04.8,-0.040901895612478256,0.07498916983604431,0.01781880110502243
2025-07-15,05:37:05.1,-0.040901895612478256,0.07499132305383682,0.017809731885790825
2025-07-15,05:37:05.5,-0.040901895612478256,0.07498949766159058,0.017817407846450806
2025-07-15,05:37:05.8,-0.040901895612478256,0.07499245554208755,0.01780494675040245
2025-07-15,05:37:06.1,-0.040901895612478256,0.07499030977487564,0.017813995480537415
2025-07-15,05:37:06.1,-0.13497625291347504,0.28283289074897766,1.405225157737732
2025-07-15,05:37:06.5,-0.040901895612478256,0.07499014586210251,0.01781468279659748
2025-07-15,05:37:06.5,-0.2385943979024887,0.7098138332366943,-1.3307812213897705
2025-07-15,05:37:06.8,-0.040901895612478256,0.07498805224895477,0.01782350242137909
2025-07-15,05:37:06.8,-0.1390664428472519,0.06690344214439392,-1.4753260612487793
2025-07-15,05:37:07.1,-0.040901895612478256,0.07499180734157562,0.017807692289352417
2025-07-15,05:37:07.1,-0.2863132655620575,0.4506634771823883,1.4306182861328125
2025-07-15,05:37:07.4,-0.040901895612478256,0.07499100267887115,0.01781107299029827
2025-07-15,05:37:07.4,-0.14315663278102875,0.7010605335235596,1.3489855527877808
2025-07-15,05:37:07.4,0.8112209439277649,1.2895759344100952,-0.10322932153940201
2025-07-15,05:37:07.8,-0.040901895612478256,0.07499030977487564,0.017813995480537415
2025-07-15,05:37:07.8,0.0463554821908474,0.43992432951927185,1.4158815145492554
2025-07-15,05:37:07.8,0.9271096587181091,1.130332350730896,-0.2514340579509735
2025-07-15,05:37:08.1,-0.040901895612478256,0.0749923437833786,0.01780543476343155
2025-07-15,05:37:08.1,0.0,0.5229589343070984,1.3414114713668823
2025-07-15,05:37:08.5,-0.040901895612478256,0.07499019056558609,0.017814474180340767
2025-07-15,05:37:08.5,-0.04499208554625511,0.2998148202896118,-1.4074649810791016
2025-07-15,05:37:08.8,-0.040901895612478256,0.07499164342880249,0.017808357253670692
2025-07-15,05:37:08.8,-0.08998417109251022,0.46347111463546753,1.3601353168487549
2025-07-15,05:37:09.1,-0.040901895612478256,0.07498950511217117,0.01781739667057991
2025-07-15,05:37:09.4,-0.040901895612478256,0.07498853653669357,0.01782146468758583
2025-07-15,05:37:09.4,-0.04499208554625511,0.6512753367424011,1.2832330465316772
2025-07-15,05:37:09.8,-0.040901895612478256,0.07499100267887115,0.01781107299029827
2025-07-15,05:37:09.8,0.0,0.48508894443511963,1.4018172025680542
2025-07-15,05:37:10.1,-0.040901895612478256,0.07499254494905472,0.017804572358727455
2025-07-15,05:37:10.4,-0.040901895612478256,0.0749913677573204,0.017809554934501648
2025-07-15,05:37:10.8,-0.040901895612478256,0.07499496638774872,0.01779438927769661
2025-07-15,05:37:11.1,-0.040901895612478256,0.07499250024557114,0.017804769799113274
2025-07-15,05:37:11.1,0.0,0.8945141434669495,1.18332040309906
2025-07-15,05:37:11.5,-0.040901895612478256,0.07499293237924576,0.017802949994802475
2025-07-15,05:37:11.5,0.0463554821908474,0.5987823605537415,1.3563604354858398
2025-07-15,05:37:11.5,0.5562657713890076,1.3718128204345703,0.0953976958990097
2025-07-15,05:37:11.8,-0.040901895612478256,0.07499244809150696,0.017804978415369987
2025-07-15,05:37:12.1,-0.040901895612478256,0.07499261200428009,0.01780429109930992
2025-07-15,05:37:12.1,0.648976743221283,1.3309587240219116,-0.0882081463932991
2025-07-15,05:37:12.4,-0.040901895612478256,0.07499342411756516,0.01780087873339653
2025-07-15,05:37:12.4,-0.08998417109251022,0.15706346929073334,-1.4283223152160645
2025-07-15,05:37:12.4,0.5848971009254456,1.3132245540618896,-0.07878681272268295
2025-07-15,05:37:12.8,-0.040901895612478256,0.07499200850725174,0.01780683919787407
2025-07-15,05:37:12.8,0.0,0.5420964360237122,-1.2865756750106812
2025-07-15,05:37:13.1,-0.040901895612478256,0.0749923437833786,0.017805425450205803
2025-07-15,05:37:13.1,-0.1745147556066513,0.3196640908718109,-1.3477778434753418
2025-07-15,05:37:13.4,-0.040901895612478256,0.0749918594956398,0.01780746318399906
2025-07-15,05:37:13.4,0.08998417109251022,0.48937278985977173,-1.3510321378707886
2025-07-15,05:37:13.4,-0.7648654580116272,1.2149381637573242,0.10852154344320297
2025-07-15,05:37:13.8,-0.040901895612478256,0.07499072700738907,0.017812248319387436
2025-07-15,05:37:14.1,-0.040901895612478256,0.07498998939990997,0.01781535893678665
2025-07-15,05:37:14.1,0.5399050116539001,1.331693410873413,-0.08925115317106247
2025-07-15,05:37:14.1,-0.4049287736415863,0.9370967745780945,1.015260100364685
2025-07-15,05:37:14.5,-0.040901895612478256,0.07499051839113235,0.017813101410865784
2025-07-15,05:37:14.8,-0.040901895612478256,0.07499047368764877,0.017813298851251602
2025-07-15,05:37:15.1,-0.040901895612478256,0.07498853653669357,0.01782146468758583
2025-07-15,05:37:15.4,-0.040901895612478256,0.07499020546674728,0.01781442202627659
2025-07-15,05:37:15.4,0.0,0.4241220951080322,1.145615577697754
2025-07-15,05:37:15.8,-0.040901895612478256,0.07498858869075775,0.017821235582232475
2025-07-15,05:37:15.8,-0.07907699793577194,0.27502331137657166,1.2324451208114624
2025-07-15,05:37:15.8,-0.038175102323293686,0.2956429123878479,1.1846740245819092
2025-07-15,05:37:16.1,-0.040901895612478256,0.0749896690249443,0.017816679552197456
2025-07-15,05:37:16.1,-0.11861549317836761,0.47689831256866455,1.165894627571106
2025-07-15,05:37:16.4,-0.040901895612478256,0.07498768717050552,0.017825022339820862
2025-07-15,05:37:16.4,0.03953849896788597,0.6262761354446411,1.0986477136611938
2025-07-15,05:37:16.8,-0.040901895612478256,0.07498924434185028,0.01781849004328251
2025-07-15,05:37:16.8,0.0,0.541094183921814,1.1917773485183716
2025-07-15,05:37:17.1,-0.040901895612478256,0.07498891651630402,0.01781984232366085
2025-07-15,05:37:17.1,0.0,0.5060428977012634,1.2070777416229248
2025-07-15,05:37:17.5,-0.040901895612478256,0.07498639822006226,0.01783045195043087
2025-07-15,05:37:17.8,-0.040901895612478256,0.07498838752508163,0.01782206818461418
2025-07-15,05:37:17.8,-0.11861549317836761,0.5769997239112854,-1.119738221168518
2025-07-15,05:37:18.1,-0.040901895612478256,0.07498904317617416,0.01781933195888996
2025-07-15,05:37:18.1,0.0,0.49298611283302307,-1.1652367115020752
2025-07-15,05:37:18.4,-0.040901895612478256,0.07498843222856522,0.017821891233325005
2025-07-15,05:37:18.4,-0.03953849896788597,0.31357255578041077,-1.2251207828521729
2025-07-15,05:37:18.8,-0.040901895612478256,0.07498445361852646,0.0178386177867651
2025-07-15,05:37:18.8,-0.7362341284751892,1.0767874717712402,0.10772259533405304
2025-07-15,05:37:18.8,0.4908227324485779,1.1769940853118896,0.29477834701538086
2025-07-15,05:37:19.1,-0.040901895612478256,0.07498462498188019,0.01783790998160839
2025-07-15,05:37:19.1,-0.15815399587154388,0.6001688838005066,-1.1025409698486328
2025-07-15,05:37:19.4,-0.040901895612478256,0.07498595863580704,0.01783229224383831
2025-07-15,05:37:19.4,0.040901895612478256,0.4829854369163513,-1.2157994508743286
2025-07-15,05:37:19.8,-0.040901895612478256,0.07498802244663239,0.017823606729507446
2025-07-15,05:37:20.1,-0.040901895612478256,0.07498645037412643,0.017830222845077515
2025-07-15,05:37:20.5,-0.040901895612478256,0.07498791068792343,0.017824096605181694
2025-07-15,05:37:20.5,6.551120281219482,1.636930227279663,-0.36601951718330383
2025-07-15,05:37:20.8,-0.040901895612478256,0.07498786598443985,0.01782427355647087
2025-07-15,05:37:20.8,6.339794158935547,2.247612953186035,-0.6970885992050171
2025-07-15,05:37:20.8,-0.040901895612478256,0.15675842761993408,1.2987955808639526
2025-07-15,05:37:20.8,-0.572626531124115,1.175441861152649,0.05959329754114151
2025-07-15,05:37:20.8,0.03953849896788597,0.5791495442390442,1.1242039203643799
2025-07-15,05:37:21.1,-0.040901895612478256,0.07498446106910706,0.017838597297668457
2025-07-15,05:37:21.1,6.593385696411133,1.687629222869873,-0.04286186397075653
2025-07-15,05:37:21.1,-0.15815399587154388,0.5671654343605042,-1.1198761463165283
2025-07-15,05:37:21.1,-0.07907699793577194,0.3961887061595917,-1.1989967823028564
2025-07-15,05:37:21.4,-0.040901895612478256,0.07498478144407272,0.017837245017290115
2025-07-15,05:37:21.4,0.0,0.49827444553375244,1.2103052139282227
2025-07-15,05:37:21.4,-0.7362341284751892,1.0744584798812866,-0.1288975179195404
2025-07-15,05:37:21.8,-0.040901895612478256,0.07498446851968765,0.017838574945926666
2025-07-15,05:37:21.8,-6.339794158935547,2.337437152862549,-0.2721840739250183
2025-07-15,05:37:21.8,-0.6339793801307678,1.1740083694458008,-0.22136379778385162
2025-07-15,05:37:21.8,-0.08453058451414108,0.7905882596969604,1.0940988063812256
2025-07-15,05:37:22.1,-0.040901895612478256,0.07498640567064285,0.017830420285463333
2025-07-15,05:37:22.1,0.08453058451414108,0.20669153332710266,1.333926796913147
2025-07-15,05:37:22.1,6.551120281219482,1.528708577156067,-0.6903338432312012
2025-07-15,05:37:22.4,-0.040901895612478256,0.07498543709516525,0.017834497615695
2025-07-15,05:37:22.8,-0.040901895612478256,0.07498806715011597,0.01782342977821827
2025-07-15,05:37:22.8,-0.08180379122495651,0.7983200550079346,1.0339775085449219
2025-07-15,05:37:22.8,-0.6135284304618835,1.1499685049057007,-0.11946284025907516
2025-07-15,05:37:23.1,-0.040901895612478256,0.07498737424612045,0.017826342955231667
2025-07-15,05:37:23.1,6.298892021179199,1.7122641801834106,-1.5920515060424805
2025-07-15,05:37:23.1,2.09963059425354,4.001964092254639,4.971755504608154
2025-07-15,05:37:23.1,-0.16360758244991302,0.5209657549858093,1.189513921737671
2025-07-15,05:37:23.1,0.5317246317863464,1.1904963254928589,-0.1144707053899765
2025-07-15,05:37:23.5,-0.040901895612478256,0.07498661428689957,0.017829526215791702
2025-07-15,05:37:23.5,-6.298892021179199,2.314509868621826,-0.33093947172164917
2025-07-15,05:37:23.5,-0.6544303297996521,1.1242519617080688,0.1445496529340744
2025-07-15,05:37:23.5,0.5317246317863464,1.194912314414978,-0.0506904274225235
2025-07-15,05:37:23.8,-0.040901895612478256,0.07498640567064285,0.01783039979636669
2025-07-15,05:37:23.8,-6.298892021179199,2.3133060932159424,0.3392500877380371
2025-07-15,05:37:23.8,0.03953849896788597,0.8573530316352844,0.9296205639839172
2025-07-15,05:37:23.8,0.47446197271347046,1.1692495346069336,-0.09248524159193039
2025-07-15,05:37:24.1,-0.040901895612478256,0.07498575747013092,0.017833136022090912
2025-07-15,05:37:24.4,-0.040901895612478256,0.07498381286859512,0.017841322347521782
2025-07-15,05:37:24.8,-0.040901895612478256,0.07498596608638763,0.017832251265645027
2025-07-15,05:37:25.1,-0.040901895612478256,0.07498490810394287,0.01783672347664833
2025-07-15,05:37:25.1,-0.040901895612478256,0.3823854923248291,1.251089334487915
2025-07-15,05:37:25.4,-0.040901895612478256,0.07498592138290405,0.017832448706030846
2025-07-15,05:37:25.4,-6.088929176330566,2.8371646404266357,0.13400059938430786
2025-07-15,05:37:25.4,-0.4908227324485779,1.1813137531280518,-0.276960551738739
2025-07-15,05:37:25.8,-0.040901895612478256,0.07498462498188019,0.01783788949251175
2025-07-15,05:37:25.8,0.0,0.17097514867782593,-1.2976454496383667
2025-07-15,05:37:25.8,-0.6953322291374207,1.1087720394134521,-0.015932679176330566
2025-07-15,05:37:25.8,-6.50885534286499,1.6663286685943604,0.025876948609948158
2025-07-15,05:37:26.1,-0.040901895612478256,0.07498560845851898,0.017833780497312546
2025-07-15,05:37:26.1,-6.50885534286499,1.6501672267913818,-0.23295661807060242
2025-07-15,05:37:26.1,-0.08180379122495651,0.2151351273059845,1.2884646654129028
2025-07-15,05:37:26.5,-0.040901895612478256,0.07498430460691452,0.017839251086115837
2025-07-15,05:37:26.8,-0.040901895612478256,0.07498442381620407,0.01783876307308674
2025-07-15,05:37:26.8,0.040901895612478256,0.3454921841621399,-1.2617758512496948
2025-07-15,05:37:26.8,-0.6544303297996521,1.1310371160507202,0.07478111237287521
2025-07-15,05:37:27.1,-0.040901895612478256,0.074983611702919,0.017842164263129234
2025-07-15,05:37:27.1,-0.08180379122495651,0.5846858620643616,-1.1681467294692993
2025-07-15,05:37:27.1,-0.6135284304618835,1.1525156497955322,-0.09168805181980133
2025-07-15,05:37:27.4,-0.040901895612478256,0.074983611702919,0.017842164263129234
2025-07-15,05:37:27.4,-6.50885534286499,1.607153058052063,-0.4408852756023407
2025-07-15,05:37:27.4,0.0,0.2783072590827942,1.2789297103881836
2025-07-15,05:37:27.4,0.5317246317863464,1.1955350637435913,-0.03288111090660095
2025-07-15,05:37:27.8,-0.040901895612478256,0.07498539239168167,0.017834674566984177
2025-07-15,05:37:27.8,-0.03953849896788597,0.36469918489456177,1.2108852863311768
2025-07-15,05:37:28.2,-0.040901895612478256,0.07498430460691452,0.017839251086115837
2025-07-15,05:37:28.2,-4.829150676727295,2.2428059577941895,4.0977606773376465
2025-07-15,05:37:28.2,6.298892021179199,1.0111603736877441,-2.1080870628356934
2025-07-15,05:37:28.4,-0.040901895612478256,0.07498572021722794,0.017833290621638298
2025-07-15,05:37:28.8,-0.040901895612478256,0.07498430460691452,0.017839251086115837
2025-07-15,05:37:29.1,-0.040901895612478256,0.07498182356357574,0.017849663272500038
2025-07-15,05:37:29.1,0.0,0.35939058661460876,1.2585525512695312
2025-07-15,05:37:29.5,-0.040901895612478256,0.07498377561569214,0.017841456457972527
2025-07-15,05:37:29.8,-0.040901895612478256,0.07497984170913696,0.01785801723599434
2025-07-15,05:37:29.8,-6.298892021179199,2.322357654571533,-0.2704280614852905
2025-07-15,05:37:30.1,-0.040901895612478256,0.07498060166835785,0.017854813486337662
2025-07-15,05:37:30.1,-6.50885534286499,1.3945000171661377,-0.9125188589096069
2025-07-15,05:37:30.4,-0.040901895612478256,0.07497929781675339,0.01786029525101185
2025-07-15,05:37:30.4,-6.298892021179199,2.3322839736938477,-0.16409772634506226
2025-07-15,05:37:30.8,-0.040901895612478256,0.07498113065958023,0.01785258762538433
2025-07-15,05:37:30.8,0.0,0.3615685701370239,1.2124686241149902
2025-07-15,05:37:30.8,-0.5930774807929993,1.086799144744873,-0.26065048575401306
2025-07-15,05:37:30.8,1.8896676301956177,0.7180376052856445,-1.8623696565628052
2025-07-15,05:37:31.1,-0.040901895612478256,0.0749804824590683,0.01785530149936676
2025-07-15,05:37:31.1,-4.818243503570557,1.1313244104385376,-0.4919675588607788
2025-07-15,05:37:31.1,-0.08180379122495651,0.21963486075401306,-1.2877053022384644
2025-07-15,05:37:31.5,-0.040901895612478256,0.07498157769441605,0.017850704491138458
2025-07-15,05:37:31.5,-0.20450948178768158,0.4631330370903015,1.2069796323776245
2025-07-15,05:37:31.5,-0.6544303297996521,1.1276612281799316,-0.11496603488922119
2025-07-15,05:37:31.8,-0.040901895612478256,0.07498012483119965,0.01785683073103428
2025-07-15,05:37:31.8,0.08180379122495651,0.5343656539916992,1.1920057535171509
2025-07-15,05:37:32.1,-0.040901895612478256,0.07498027384281158,0.01785619556903839
2025-07-15,05:37:32.1,-0.5494487881660461,1.23585045337677,-0.002663625171408057
2025-07-15,05:37:32.1,-4.818243503570557,1.216286540031433,0.20633426308631897
2025-07-15,05:37:32.1,-6.50885534286499,1.596696138381958,-0.4773699641227722
2025-07-15,05:37:32.5,-0.040901895612478256,0.07497750967741013,0.017867784947156906
2025-07-15,05:37:32.8,-0.040901895612478256,0.07497669756412506,0.017871206626296043
2025-07-15,05:37:32.8,-6.50885534286499,1.5945725440979004,-0.484416663646698
2025-07-15,05:37:33.1,-0.040901895612478256,0.07498084753751755,0.017853762954473495
2025-07-15,05:37:33.1,-6.50885534286499,1.6617268323898315,-0.12643085420131683
2025-07-15,05:37:33.5,-0.040901895612478256,0.07497739791870117,0.017868272960186005
2025-07-15,05:37:33.5,-6.50885534286499,1.619463324546814,-0.3932674527168274
2025-07-15,05:37:33.5,-5.963496685028076,3.792692184448242,-0.0816299170255661
2025-07-15,05:37:33.8,-0.040901895612478256,0.07497970759868622,0.017858557403087616
2025-07-15,05:37:33.8,-6.298892021179199,2.291480779647827,-0.4643193483352661
2025-07-15,05:37:33.8,-5.963496685028076,3.7850654125213623,-0.25388485193252563
2025-07-15,05:37:33.8,-0.19769249856472015,0.26829999685287476,1.2205510139465332
2025-07-15,05:37:33.8,0.47446197271347046,1.1625394821166992,-0.15556254982948303
2025-07-15,05:37:34.1,-0.040901895612478256,0.07497633248567581,0.017872735857963562
2025-07-15,05:37:34.1,6.50885534286499,1.5526669025421143,-0.6054307222366333
2025-07-15,05:37:34.1,-5.963496685028076,3.7935702800750732,-0.0015385019360110164
2025-07-15,05:37:34.1,-0.2863132655620575,0.6497254967689514,1.0995442867279053
2025-07-15,05:37:34.5,-0.040901895612478256,0.07498113065958023,0.017852576449513435
2025-07-15,05:37:34.5,-4.829150676727295,0.3636905550956726,-4.6572041511535645
2025-07-15,05:37:34.5,6.088929176330566,2.506336212158203,1.3363151550292969
2025-07-15,05:37:34.5,-5.742626190185547,4.117496490478516,0.15145397186279297
2025-07-15,05:37:34.8,-0.040901895612478256,0.07497934252023697,0.017860086634755135
2025-07-15,05:37:34.8,-5.705814361572266,2.854175329208374,-2.2423319816589355
2025-07-15,05:37:34.8,-5.963496685028076,3.789752960205078,0.1701451689004898
2025-07-15,05:37:34.8,-0.12270568311214447,0.8351094126701355,1.0003257989883423
2025-07-15,05:37:35.1,-0.040901895612478256,0.07498020678758621,0.017856476828455925
2025-07-15,05:37:35.1,-5.963496685028076,3.7912049293518066,0.13395246863365173
2025-07-15,05:37:35.1,-0.040901895612478256,0.2961147129535675,-1.2742681503295898
2025-07-15,05:37:35.1,0.6135284304618835,1.1487054824829102,0.131051704287529
2025-07-15,05:37:35.5,-0.040901895612478256,0.07497812062501907,0.017865225672721863
2025-07-15,05:37:35.5,-0.9066587090492249,0.5784096717834473,-1.0840450525283813
2025-07-15,05:37:35.5,-5.669003009796143,3.5695600509643555,-0.512992799282074
2025-07-15,05:37:35.5,-5.742626190185547,4.120227336883545,-0.02099473774433136
2025-07-15,05:37:35.8,-0.040901895612478256,0.07497783750295639,0.017866401001811028
2025-07-15,05:37:35.8,-0.9066587090492249,0.40123188495635986,-1.1613459587097168
2025-07-15,05:37:35.8,-5.459039688110352,3.905306577682495,-0.29997172951698303
2025-07-15,05:37:35.8,-5.521756172180176,4.407341480255127,0.2000558078289032
2025-07-15,05:37:36.1,-0.040901895612478256,0.07497803866863251,0.017865559086203575
2025-07-15,05:37:36.1,-5.669003009796143,3.6043455600738525,-0.11667854338884354
2025-07-15,05:37:36.1,-5.742626190185547,4.1199493408203125,0.05227789282798767
2025-07-15,05:37:36.5,-0.040901895612478256,0.07497848570346832,0.01786368526518345
2025-07-15,05:37:36.5,-5.669003009796143,3.5955355167388916,-0.2775692939758301
2025-07-15,05:37:36.5,-5.742626190185547,4.11940336227417,0.08503635972738266
2025-07-15,05:37:36.8,-0.040901895612478256,0.07497767359018326,0.01786709763109684
2025-07-15,05:37:36.8,-5.669003009796143,3.603158950805664,0.14888615906238556
2025-07-15,05:37:36.8,-5.521756172180176,4.410237789154053,0.12035112828016281
2025-07-15,05:37:37.1,-0.040901895612478256,0.07497929781675339,0.017860284075140953
2025-07-15,05:37:37.1,-5.669003009796143,3.5985934734344482,-0.2346193790435791
2025-07-15,05:37:37.1,-5.521756172180176,4.409036159515381,0.15836122632026672
2025-07-15,05:37:37.5,-0.040901895612478256,0.07497836649417877,0.017864184454083443
2025-07-15,05:37:37.5,-5.459039688110352,3.9042088985443115,-0.31393539905548096
2025-07-15,05:37:37.5,-5.521756172180176,4.399878025054932,0.32519686222076416
2025-07-15,05:37:37.5,-6.593385219573975,4.73048210144043,-0.04461923986673355
2025-07-15,05:37:37.5,-0.03953849896788597,0.5546343922615051,-1.1364986896514893
2025-07-15,05:37:37.5,0.47446197271347046,1.172755479812622,0.01850355975329876
2025-07-15,05:37:37.8,-0.040901895612478256,0.07497502118349075,0.01787821762263775
2025-07-15,05:37:37.8,-5.459039688110352,3.916679859161377,-0.031959328800439835
2025-07-15,05:37:37.8,-5.3008856773376465,4.644994735717773,0.5283060669898987
2025-07-15,05:37:37.8,-0.040901895612478256,0.5113164782524109,1.204158902168274
2025-07-15,05:37:38.1,-0.040901895612478256,0.07497832179069519,0.01786438189446926
2025-07-15,05:37:38.1,-4.159722805023193,2.6393988132476807,-0.18865858018398285
2025-07-15,05:37:38.1,-5.459039688110352,3.895656108856201,0.4065287113189697
2025-07-15,05:37:38.1,-5.521756172180176,4.376869201660156,0.5547049641609192
2025-07-15,05:37:38.1,-6.271623611450195,5.006783485412598,0.20609675347805023
2025-07-15,05:37:38.1,0.08180379122495651,0.41740378737449646,1.237820029258728
2025-07-15,05:37:38.1,-0.6544303297996521,1.114868402481079,-0.20470859110355377
2025-07-15,05:37:38.5,-0.040901895612478256,0.07497588545084,0.01787460781633854
2025-07-15,05:37:38.5,-0.9816455245018005,0.6067872643470764,-1.5882987976074219
2025-07-15,05:37:38.5,-1.7178796529769897,0.9246097803115845,-0.2202223241329193
2025-07-15,05:37:38.5,-4.005659103393555,2.8715641498565674,0.11884841322898865
2025-07-15,05:37:38.5,-3.9538497924804688,3.1235711574554443,0.4726170599460602
2025-07-15,05:37:38.8,-0.040901895612478256,0.07497836649417877,0.017864175140857697
2025-07-15,05:37:38.8,-1.0429983139038086,0.5111551284790039,-1.582841396331787
2025-07-15,05:37:38.8,-1.7178796529769897,0.9438051581382751,-0.11239658296108246
2025-07-15,05:37:38.8,-4.005659103393555,2.873971939086914,0.017058776691555977
2025-07-15,05:37:38.8,-5.663549423217773,1.4264572858810425,0.2607739269733429
2025-07-15,05:37:39.2,-0.040901895612478256,0.07497653365135193,0.01787189207971096
2025-07-15,05:37:39.2,-4.005659103393555,2.872450113296509,-0.09506039321422577
2025-07-15,05:37:39.2,-3.9879348278045654,3.1738054752349854,0.2825436294078827
2025-07-15,05:37:39.2,-5.439952373504639,1.9869493246078491,0.3595818281173706
2025-07-15,05:37:39.5,-0.040901895612478256,0.07497815787792206,0.017865069210529327
2025-07-15,05:37:39.5,-1.5338211059570312,1.1869844198226929,-0.30491387844085693
2025-07-15,05:37:39.5,-1.1657040119171143,1.199906587600708,-1.0275554656982422
2025-07-15,05:37:39.5,-4.005659103393555,2.872785806655884,-0.08430653810501099
2025-07-15,05:37:39.5,-4.112003803253174,2.9017529487609863,0.5331477522850037
2025-07-15,05:37:39.5,-0.16906116902828217,0.10721804946660995,1.3375911712646484
2025-07-15,05:37:39.8,-0.040901895612478256,0.07497750967741013,0.017867794260382652
2025-07-15,05:37:39.8,-4.005659103393555,2.8644139766693115,-0.23481707274913788
2025-07-15,05:37:39.8,-5.663549423217773,1.4071450233459473,0.3503227233886719
2025-07-15,05:37:39.8,-4.409224510192871,5.017910957336426,0.7223759889602661
2025-07-15,05:37:40.1,-0.040901895612478256,0.07497929781675339,0.01786026358604431
2025-07-15,05:37:40.1,-4.005659103393555,2.8624939918518066,-0.25716638565063477
2025-07-15,05:37:40.1,-4.112003803253174,2.8893282413482666,0.5968234539031982
2025-07-15,05:37:40.1,-5.480854034423828,1.919989824295044,0.6726456880569458
2025-07-15,05:37:40.5,-0.040901895612478256,0.074979268014431,0.01786040887236595
2025-07-15,05:37:40.5,-4.159722805023193,2.6459007263183594,-0.0350249744951725
2025-07-15,05:37:40.5,-5.480854034423828,2.027998685836792,0.16135384142398834
2025-07-15,05:37:40.8,-0.040901895612478256,0.07497963309288025,0.017858870327472687
2025-07-15,05:37:40.8,-1.7178796529769897,0.9504656195640564,-0.0040316167287528515
2025-07-15,05:37:40.8,-1.0429983139038086,0.6636807322502136,-1.5251866579055786
2025-07-15,05:37:40.8,-4.005659103393555,2.8698391914367676,-0.1550123691558838
2025-07-15,05:37:40.8,-3.9538497924804688,3.1114861965179443,0.5465508699417114
2025-07-15,05:37:40.8,-5.663549423217773,1.4467805624008179,0.09802621603012085
2025-07-15,05:37:41.1,-0.040901895612478256,0.07497502863407135,0.017878197133541107
2025-07-15,05:37:41.1,-0.9325632452964783,1.0468636751174927,-0.7080181837081909
2025-07-15,05:37:41.1,-3.851595163345337,2.9116227626800537,0.9964827299118042
2025-07-15,05:37:41.1,-3.919764995574951,3.122337579727173,0.24441950023174286
2025-07-15,05:37:41.5,-0.040901895612478256,0.07497746497392654,0.01786797121167183
2025-07-15,05:37:41.5,-0.883480966091156,1.023363471031189,-0.7994224429130554
2025-07-15,05:37:41.5,-4.0765557289123535,2.850613594055176,0.6549690961837769
2025-07-15,05:37:41.8,-0.040901895612478256,0.07497669756412506,0.017871186137199402
2025-07-15,05:37:41.8,-0.8343986868858337,1.1507292985916138,-0.6681978702545166
2025-07-15,05:37:41.8,-3.762974262237549,3.269667387008667,0.5679705739021301
2025-07-15,05:37:42.1,-0.040901895612478256,0.07497653365135193,0.017871882766485214
2025-07-15,05:37:42.1,-0.883480966091156,0.9765026569366455,-0.8560323715209961
2025-07-15,05:37:42.1,-3.697531223297119,3.1490137577056885,0.8469272255897522
2025-07-15,05:37:42.1,-4.343781471252441,2.6726951599121094,0.7014802098274231
2025-07-15,05:37:42.5,-0.040901895612478256,0.07497552037239075,0.017876125872135162
2025-07-15,05:37:42.5,-0.883480966091156,0.8832225203514099,-0.9519805312156677
2025-07-15,05:37:42.5,-3.697531223297119,3.1685142517089844,0.7707738876342773
2025-07-15,05:37:42.5,-4.30696964263916,2.5664868354797363,0.9589864611625671
2025-07-15,05:37:42.8,-0.040901895612478256,0.07497750967741013,0.01786777377128601
2025-07-15,05:37:42.8,-0.8589398264884949,0.8650445938110352,-0.9195986986160278
2025-07-15,05:37:42.8,-3.8175101280212402,3.0312788486480713,0.33911508321762085
2025-07-15,05:37:42.8,-4.0765557289123535,2.821183204650879,0.7719513177871704
2025-07-15,05:37:42.8,0.0,0.5058221220970154,1.1597223281860352
2025-07-15,05:37:43.1,-0.040901895612478256,0.07497485727071762,0.017878903076052666
2025-07-15,05:37:43.1,-3.8175101280212402,3.0178542137145996,0.4429520070552826
2025-07-15,05:37:43.1,-3.7956957817077637,3.3186516761779785,0.43844741582870483
2025-07-15,05:37:43.1,-0.08180379122495651,0.4119163751602173,1.239656925201416
2025-07-15,05:37:43.5,-0.040901895612478256,0.07497681677341461,0.017870696261525154
2025-07-15,05:37:43.5,-0.9325632452964783,1.0311275720596313,-0.7307456731796265
2025-07-15,05:37:43.5,-3.8175101280212402,3.027632713317871,0.37025585770606995
2025-07-15,05:37:43.5,-3.9538497924804688,3.10721492767334,0.5703327059745789
2025-07-15,05:37:43.5,-5.439952373504639,1.9706896543502808,0.44005581736564636
2025-07-15,05:37:43.5,-0.08453058451414108,0.47476232051849365,1.263599157333374
2025-07-15,05:37:43.5,0.6339793801307678,1.1944656372070312,-0.023442380130290985
2025-07-15,05:37:43.8,-0.040901895612478256,0.07497438043355942,0.017880922183394432
2025-07-15,05:37:43.8,-0.9325632452964783,0.9823207259178162,-0.7951472997665405
2025-07-15,05:37:43.8,-3.8175101280212402,3.0370452404022217,0.28285494446754456
2025-07-15,05:37:43.8,-0.13088606297969818,0.5929268598556519,1.2571603059768677
2025-07-15,05:37:44.1,-0.040901895612478256,0.07497454434633255,0.01788022555410862
2025-07-15,05:37:44.1,-1.693338394165039,0.9968764185905457,-0.4081282913684845
2025-07-15,05:37:44.1,-3.851595163345337,3.0767157077789307,0.06592659652233124
2025-07-15,05:37:44.1,-4.147452354431152,2.922048568725586,0.5628229975700378
2025-07-15,05:37:44.1,-5.3008856773376465,4.529581546783447,1.1567083597183228
2025-07-15,05:37:44.5,-0.040901895612478256,0.07497719675302505,0.01786910556256771
2025-07-15,05:37:44.5,0.0,0.36091649532318115,-1.393775463104248
2025-07-15,05:37:44.5,-0.7198733687400818,1.2397464513778687,0.13297246396541595
2025-07-15,05:37:44.5,-0.8180378675460815,0.42445626854896545,-0.5833652019500732
2025-07-15,05:37:44.5,-4.466486930847168,3.203483819961548,-0.08692283183336258
2025-07-15,05:37:44.5,-5.459039688110352,3.904048442840576,0.3159249722957611
2025-07-15,05:37:44.5,-5.521756172180176,4.347342491149902,0.7518590092658997
2025-07-15,05:37:44.8,-0.040901895612478256,0.07497609406709671,0.017873713746666908
2025-07-15,05:37:44.8,0.0,0.427811861038208,1.374717354774475
2025-07-15,05:37:44.8,-4.638275146484375,2.9458577632904053,-0.16642089188098907
2025-07-15,05:37:44.8,-5.459039688110352,3.888763427734375,-0.4678899645805359
2025-07-15,05:37:44.8,-5.742626190185547,4.07498836517334,-0.6092501282691956
2025-07-15,05:37:44.8,-5.3008856773376465,4.647855758666992,-0.5025154948234558
2025-07-15,05:37:45.1,-0.040901895612478256,0.07497622072696686,0.017873214557766914
2025-07-15,05:37:45.1,-5.669003009796143,3.5514955520629883,-0.6259389519691467
2025-07-15,05:37:45.1,-6.222541809082031,3.4414849281311035,0.09617854654788971
2025-07-15,05:37:45.5,-0.040901895612478256,0.0749775618314743,0.017867565155029297
2025-07-15,05:37:45.5,-5.705814361572266,3.5168497562408447,-0.8978521227836609
2025-07-15,05:37:45.8,-0.040901895612478256,0.07497870177030563,0.017862770706415176
2025-07-15,05:37:45.8,-5.317246437072754,2.073385715484619,-3.708184003829956
2025-07-15,05:37:45.8,5.955316066741943,3.0576817989349365,1.2277860641479492
2025-07-15,05:37:46.1,-0.040901895612478256,0.07497870177030563,0.017862780019640923
2025-07-15,05:37:46.1,6.16800594329834,2.6413421630859375,-1.140912652015686
2025-07-15,05:37:46.1,0.0,0.5487417578697205,1.331072211265564
2025-07-15,05:37:46.1,0.5848971009254456,1.3123582601547241,0.09209606796503067
2025-07-15,05:37:46.5,-0.040901895612478256,0.07497486472129822,0.017878882586956024
2025-07-15,05:37:46.5,6.593385696411133,1.5620805025100708,-0.64018315076828
2025-07-15,05:37:46.8,-0.040901895612478256,0.0749749168753624,0.017878685146570206
2025-07-15,05:37:47.1,-0.040901895612478256,0.07497438043355942,0.017880911007523537
2025-07-15,05:37:47.1,0.0,0.44612449407577515,-1.4603816270828247
2025-07-15,05:37:47.5,-0.040901895612478256,0.0749753937125206,0.01787666790187359
2025-07-15,05:37:47.8,-0.040901895612478256,0.07497294992208481,0.017886903136968613
2025-07-15,05:37:47.8,-4.775978088378906,1.2214316129684448,0.05872660130262375
2025-07-15,05:37:47.8,-6.222541809082031,3.398297071456909,-0.5519472360610962
2025-07-15,05:37:48.1,-0.040901895612478256,0.07497405260801315,0.017882294952869415
2025-07-15,05:37:48.1,0.0,0.34897664189338684,-1.486592411994934
2025-07-15,05:37:48.1,-4.775978088378906,1.2225724458694458,-0.025708645582199097
2025-07-15,05:37:48.1,-5.955316066741943,3.0494227409362793,-1.2481573820114136
2025-07-15,05:37:48.1,-6.000308036804199,3.762382745742798,-0.6433334350585938
2025-07-15,05:37:48.5,-0.040901895612478256,0.07497388869524002,0.017882991582155228
2025-07-15,05:37:48.5,-5.49448823928833,3.8540682792663574,-0.8291216492652893
2025-07-15,05:37:48.5,-5.919867992401123,4.0540056228637695,1.2672276496887207
2025-07-15,05:37:48.5,0.0,0.2820490896701813,1.5007297992706299
2025-07-15,05:37:48.5,-4.775978088378906,1.2180085182189941,0.108624666929245
2025-07-15,05:37:48.8,-0.040901895612478256,0.0749753937125206,0.01787666790187359
2025-07-15,05:37:48.8,-6.8837890625,4.353725910186768,-0.46978759765625
2025-07-15,05:37:48.8,-4.785521984100342,1.7632949352264404,0.21463505923748016
2025-07-15,05:37:48.8,-5.565384864807129,3.372361660003662,-2.1382510662078857
2025-07-15,05:37:49.1,-0.040901895612478256,0.07497237622737885,0.017889315262436867
2025-07-15,05:37:49.1,0.0,0.25547003746032715,-1.5497169494628906
2025-07-15,05:37:49.1,-5.283161640167236,4.149664402008057,-0.7740634679794312
2025-07-15,05:37:49.5,-0.040901895612478256,0.074969582259655,0.017901018261909485
2025-07-15,05:37:49.5,-3.970210552215576,2.848585844039917,-0.004441024269908667
2025-07-15,05:37:49.5,-3.919764995574951,3.1217422485351562,-0.2519090175628662
2025-07-15,05:37:49.8,-0.040901895612478256,0.07497056573629379,0.01789690926671028
2025-07-15,05:37:49.8,-3.919764995574951,3.1198995113372803,0.2737902104854584
2025-07-15,05:37:49.8,-4.05610466003418,3.071587085723877,1.0335856676101685
2025-07-15,05:37:49.8,-5.175453186035156,3.4771792888641357,1.3031173944473267
2025-07-15,05:37:49.8,-3.851595163345337,3.0740561485290527,-0.14389412105083466
2025-07-15,05:37:50.1,-0.040901895612478256,0.07497154921293259,0.01789279095828533
2025-07-15,05:37:50.1,-0.8507593870162964,1.3305491209030151,-1.3752907514572144
2025-07-15,05:37:50.1,-3.9538497924804688,3.1374197006225586,-0.36967676877975464
2025-07-15,05:37:50.1,-5.175453186035156,3.4991283416748047,1.2429770231246948
2025-07-15,05:37:50.1,-3.851595163345337,3.0645666122436523,-0.2809920012950897
2025-07-15,05:37:50.5,-0.040901895612478256,0.07497037202119827,0.017897721379995346
2025-07-15,05:37:50.5,-5.175453186035156,3.51322865486145,1.2025452852249146
2025-07-15,05:37:50.5,-4.05610466003418,3.121778964996338,0.8703116178512573
2025-07-15,05:37:50.5,-3.8175101280212402,3.0376620292663574,-0.2761520445346832
2025-07-15,05:37:50.5,-3.919764995574951,3.1263582706451416,-0.18605844676494598
2025-07-15,05:37:50.8,-0.040901895612478256,0.07497187703847885,0.017891395837068558
2025-07-15,05:37:50.8,-5.179543495178223,2.2921533584594727,0.7639915347099304
2025-07-15,05:37:50.8,-4.976397514343262,3.6758899688720703,1.5157532691955566
2025-07-15,05:37:50.8,-3.851595163345337,3.0247628688812256,0.5668643712997437
2025-07-15,05:37:50.8,-3.7956957817077637,3.3225250244140625,0.4080599248409271
2025-07-15,05:37:51.1,-0.040901895612478256,0.07497166842222214,0.017892301082611084
2025-07-15,05:37:51.1,-3.919764995574951,3.124946355819702,0.20843249559402466
2025-07-15,05:37:51.1,-5.175453186035156,3.4992518424987793,1.2426292896270752
2025-07-15,05:37:51.1,-3.8175101280212402,3.0120742321014404,0.48068615794181824
2025-07-15,05:37:51.5,-0.040901895612478256,0.07497051358222961,0.0178971067070961
2025-07-15,05:37:51.5,-3.730252742767334,3.2487030029296875,0.5182096362113953
2025-07-15,05:37:51.5,-5.175453186035156,3.5681612491607666,1.0281610488891602
2025-07-15,05:37:51.5,-0.32721516489982605,1.0402404069900513,1.3624868392944336
2025-07-15,05:37:51.5,-4.022019863128662,3.154292106628418,0.6144995093345642
2025-07-15,05:37:51.5,-3.9879348278045654,3.0676465034484863,0.8616363406181335
2025-07-15,05:37:51.8,-0.040901895612478256,0.07497020065784454,0.01789841800928116
2025-07-15,05:37:51.8,-3.970210552215576,2.8182859420776367,-0.4143969714641571
2025-07-15,05:37:51.8,-4.785521984100342,2.744335412979126,1.3175437450408936
2025-07-15,05:37:51.8,-3.697531223297119,3.17562198638916,0.7409448623657227
2025-07-15,05:37:51.8,-3.8611388206481934,3.249089241027832,1.0192337036132812
2025-07-15,05:37:52.1,-0.040901895612478256,0.07497003674507141,0.01789911463856697
2025-07-15,05:37:52.1,-3.919764995574951,3.1121976375579834,-0.35065436363220215
2025-07-15,05:37:52.1,-4.822333335876465,3.0351781845092773,0.4451020359992981
2025-07-15,05:37:52.1,-3.546194314956665,5.65166711807251,-0.2032761424779892
2025-07-15,05:37:52.1,-3.8175101280212402,3.0427439212799072,0.21297752857208252
2025-07-15,05:37:52.5,-0.040901895612478256,0.07496824115514755,0.01790664531290531
2025-07-15,05:37:52.5,-3.970210552215576,2.768336057662964,0.6713991165161133
2025-07-15,05:37:52.5,-4.859145164489746,3.057265281677246,0.45581671595573425
2025-07-15,05:37:52.8,-0.040901895612478256,0.07497264444828033,0.017888182774186134
2025-07-15,05:37:52.8,-3.4807512760162354,2.8998918533325195,1.7110110521316528
2025-07-15,05:37:52.8,-3.697531223297119,3.071560859680176,1.0950287580490112
2025-07-15,05:37:53.1,-0.040901895612478256,0.07497171312570572,0.01789209246635437
2025-07-15,05:37:53.1,-3.8175101280212402,2.9288389682769775,0.8517930507659912
2025-07-15,05:37:53.1,-4.822333335876465,3.0667073726654053,0.07568689435720444
2025-07-15,05:37:53.5,-0.040901895612478256,0.07497166842222214,0.017892291769385338
2025-07-15,05:37:53.5,-3.8175101280212402,3.0314180850982666,0.3378661870956421
2025-07-15,05:37:53.5,-4.643728733062744,3.0935373306274414,1.2373889684677124
2025-07-15,05:37:53.8,-0.040901895612478256,0.07496888935565948,0.017903931438922882
2025-07-15,05:37:53.8,-3.6320881843566895,3.163054943084717,0.5055481791496277
2025-07-15,05:37:53.8,-4.859145164489746,2.9823195934295654,-0.8126558065414429
2025-07-15,05:37:54.1,-0.040901895612478256,0.07496773451566696,0.017908746376633644
2025-07-15,05:37:54.1,-3.9347622394561768,2.8228156566619873,-0.04378741979598999
2025-07-15,05:37:54.1,-3.851595163345337,2.699089527130127,1.478324055671692
2025-07-15,05:37:54.5,-0.040901895612478256,0.07496965676546097,0.01790071651339531
2025-07-15,05:37:54.5,-0.797586977481842,0.6153645515441895,1.3712579011917114
2025-07-15,05:37:54.5,-1.3824840784072876,0.9791252613067627,-0.15880219638347626
2025-07-15,05:37:54.5,-3.6648097038269043,3.0370051860809326,1.1058040857315063
2025-07-15,05:37:54.8,-0.040901895612478256,0.07496970146894455,0.01790051907300949
2025-07-15,05:37:54.8,-3.9347622394561768,2.809866428375244,0.27359864115715027
2025-07-15,05:37:54.8,-0.05044567212462425,0.777366042137146,1.4138590097427368
2025-07-15,05:37:55.2,-0.040901895612478256,0.07497003674507141,0.017899125814437866
2025-07-15,05:37:55.2,-0.9734651446342468,1.1357172727584839,-1.0584043264389038
2025-07-15,05:37:55.2,-4.005659103393555,2.8665006160736084,0.20779959857463837
2025-07-15,05:37:55.2,-5.033659934997559,3.6105823516845703,-0.08592107146978378
2025-07-15,05:37:55.5,-0.040901895612478256,0.07496797293424606,0.017907747998833656
2025-07-15,05:37:55.5,-3.8856799602508545,3.050713062286377,-0.5762280225753784
2025-07-15,05:37:55.5,-4.112003803253174,2.9460511207580566,-0.15874041616916656
2025-07-15,05:37:55.8,-0.040901895612478256,0.07496682554483414,0.017912553623318672
2025-07-15,05:37:55.8,-4.112003803253174,2.9337527751922607,-0.3122682273387909
2025-07-15,05:37:55.8,-5.459039688110352,3.6172897815704346,-1.5022038221359253
2025-07-15,05:37:56.1,-0.040901895612478256,0.07496819645166397,0.01790684275329113
2025-07-15,05:37:56.1,-4.233345985412598,2.611765146255493,-0.6563190221786499
2025-07-15,05:37:56.1,-5.669003009796143,3.4464972019195557,-1.0614033937454224
2025-07-15,05:37:56.5,-0.040901895612478256,0.07496850192546844,0.01790553331375122
2025-07-15,05:37:56.8,-0.040901895612478256,0.07496768981218338,0.017908943817019463
2025-07-15,05:37:56.8,-5.459039688110352,3.4481630325317383,-1.8578412532806396
2025-07-15,05:37:56.8,-5.963496685028076,3.793513536453247,-0.020831283181905746
2025-07-15,05:37:57.1,-0.040901895612478256,0.07496896386146545,0.017903629690408707
2025-07-15,05:37:57.1,-4.507389068603516,2.0857694149017334,-0.2653439939022064
2025-07-15,05:37:57.1,-5.459039688110352,3.568974733352661,-1.6136361360549927
2025-07-15,05:37:57.1,-4.621914386749268,1.7011661529541016,0.2219274789094925
2025-07-15,05:37:57.5,-0.040901895612478256,0.07497064024209976,0.017896607518196106
2025-07-15,05:37:57.5,-4.775978088378906,1.2087628841400146,0.1850312501192093
2025-07-15,05:37:57.5,-5.878965854644775,3.05963397026062,-1.1040457487106323
2025-07-15,05:37:57.5,-5.742626190185547,4.083523750305176,-0.549135684967041
2025-07-15,05:37:57.8,-0.040901895612478256,0.07496965676546097,0.01790071651339531
2025-07-15,05:37:57.8,-5.669003009796143,3.0484769344329834,-1.9265799522399902
2025-07-15,05:37:57.8,-5.778074741363525,4.031685829162598,-0.9656393527984619
2025-07-15,05:37:58.1,-0.040901895612478256,0.0749698206782341,0.017900019884109497
2025-07-15,05:37:58.1,-5.669003009796143,2.838310956954956,-2.2246150970458984
2025-07-15,05:37:58.1,-5.778074741363525,4.106657028198242,-0.5677289962768555
2025-07-15,05:37:58.5,-0.040901895612478256,0.0749688372015953,0.0179041288793087
2025-07-15,05:37:58.5,-5.283161640167236,2.8913180828094482,-3.0755763053894043
2025-07-15,05:37:58.5,-5.555840969085693,4.326479911804199,-0.9936304688453674
2025-07-15,05:37:58.8,-0.040901895612478256,0.07496773451566696,0.017908746376633644
2025-07-15,05:37:58.8,-4.467850208282471,2.0545384883880615,0.349996417760849
2025-07-15,05:37:58.8,-5.705814361572266,3.110694408416748,-1.8702808618545532
2025-07-15,05:37:58.8,-5.555840969085693,4.362393379211426,-0.8217364549636841
2025-07-15,05:37:59.1,-0.040901895612478256,0.07496867328882217,0.01790483482182026
2025-07-15,05:37:59.1,-4.507389068603516,1.9394537210464478,0.8120102286338806
2025-07-15,05:37:59.1,-5.705814361572266,2.691920518875122,-2.43473482131958
2025-07-15,05:37:59.1,-5.778074741363525,4.059778213500977,-0.8397325873374939
2025-07-15,05:37:59.5,-0.040901895612478256,0.07496687024831772,0.01791236735880375
2025-07-15,05:37:59.5,-4.313786506652832,2.382638454437256,0.13997000455856323
2025-07-15,05:37:59.5,-5.705814361572266,3.4263415336608887,-1.1977288722991943
2025-07-15,05:37:59.5,-5.778074741363525,4.10788106918335,-0.5588072538375854
2025-07-15,05:37:59.5,-6.846977233886719,4.3209733963012695,-0.5479699969291687
2025-07-15,05:37:59.8,-0.040901895612478256,0.07496790587902069,0.01790804974734783
2025-07-15,05:37:59.8,-4.467850208282471,2.075554609298706,0.1889430284500122
2025-07-15,05:37:59.8,-5.49448823928833,2.7993927001953125,-2.7757315635681152
2025-07-15,05:37:59.8,-5.778074741363525,4.114917278289795,-0.5043865442276001
2025-07-15,05:38:00.1,-0.040901895612478256,0.0749700590968132,0.017899010330438614
2025-07-15,05:38:00.1,-5.705814361572266,3.0687742233276367,-1.9382970333099365
2025-07-15,05:38:00.1,-5.778074741363525,4.051629543304443,-0.8782070875167847
2025-07-15,05:38:00.5,-0.040901895612478256,0.07496757060289383,0.017909454181790352
2025-07-15,05:38:00.5,-4.313786506652832,2.3066909313201904,0.6129723191261292
2025-07-15,05:38:00.5,-5.705814361572266,3.519259214401245,-0.8883605599403381
2025-07-15,05:38:00.5,-5.778074741363525,4.127610206604004,-0.3870217800140381
2025-07-15,05:38:00.5,-7.100568771362305,3.927891969680786,-0.07595060765743256
2025-07-15,05:38:00.8,-0.040901895612478256,0.07496936619281769,0.01790192350745201
2025-07-15,05:38:00.8,-5.705814361572266,3.184408187866211,-1.7418133020401
2025-07-15,05:38:00.8,-6.000308036804199,3.717388868331909,-0.8662689924240112
2025-07-15,05:38:01.1,-0.040901895612478256,0.07496524602174759,0.017919190227985382
2025-07-15,05:38:01.1,-3.970210552215576,2.846158981323242,-0.11764521151781082
2025-07-15,05:38:01.1,-5.3008856773376465,4.619584083557129,0.7173042297363281
2025-07-15,05:38:01.5,-0.040901895612478256,0.07496634870767593,0.01791457273066044
2025-07-15,05:38:01.5,-3.970210552215576,2.8461782932281494,-0.11717454344034195
2025-07-15,05:38:01.5,-4.112003803253174,2.871565580368042,0.677146852016449
2025-07-15,05:38:01.5,-5.080015659332275,4.874763488769531,0.6201545000076294
2025-07-15,05:38:01.8,-0.040901895612478256,0.07496634870767593,0.01791457273066044
2025-07-15,05:38:01.8,-3.970210552215576,2.8399782180786133,-0.22132425010204315
2025-07-15,05:38:01.8,-4.112003803253174,2.884302854537964,0.6206559538841248
2025-07-15,05:38:01.8,-5.249076843261719,4.193976402282715,0.016502682119607925
2025-07-15,05:38:01.8,-5.080015659332275,4.792901992797852,1.0844374895095825
2025-07-15,05:38:02.1,-0.040901895612478256,0.07496900856494904,0.017903432250022888
2025-07-15,05:38:02.1,-4.122910976409912,2.6221630573272705,-0.05384683981537819
2025-07-15,05:38:02.1,-3.9538497924804688,2.984424591064453,1.0359888076782227
2025-07-15,05:38:02.1,-5.249076843261719,4.1914191246032715,0.14736036956310272
2025-07-15,05:38:02.1,-5.3008856773376465,4.554565906524658,1.054046630859375
2025-07-15,05:38:02.5,-0.040901895612478256,0.07496653497219086,0.01791377179324627
2025-07-15,05:38:02.5,-3.970210552215576,2.8383631706237793,0.2411545068025589
2025-07-15,05:38:02.5,-5.249076843261719,4.193452835083008,0.06827500462532043
2025-07-15,05:38:02.5,-5.080015659332275,4.764887809753418,1.2015650272369385
2025-07-15,05:38:04.0,-0.040901895612478256,0.07496953755617142,0.017901215702295303
2025-07-15,05:38:04.0,-3.970210552215576,2.8440401554107666,0.16092132031917572
2025-07-15,05:38:04.0,-5.459039688110352,3.887357234954834,-0.47943317890167236
2025-07-15,05:38:04.0,-5.080015659332275,4.766887187957764,1.1936079263687134
2025-07-15,05:38:04.1,-0.040901895612478256,0.07496601343154907,0.01791597530245781
2025-07-15,05:38:04.1,-4.275611400604248,2.330282211303711,0.4073876738548279
2025-07-15,05:38:04.1,-4.112003803253174,2.9499189853668213,0.048928409814834595
2025-07-15,05:38:04.1,-5.705814361572266,1.4609038829803467,0.006977041717618704
2025-07-15,05:38:04.1,-5.249076843261719,4.1536407470703125,0.5804988741874695
2025-07-15,05:38:04.1,-5.3008856773376465,4.477662563323975,1.3437340259552002
2025-07-15,05:38:04.4,-0.040901895612478256,0.07496572285890579,0.01791718229651451
2025-07-15,05:38:04.4,-4.122910976409912,2.6145031452178955,0.20739421248435974
2025-07-15,05:38:04.4,-5.249076843261719,4.186679840087891,0.24783657491207123
2025-07-15,05:38:04.4,-5.080015659332275,4.82342004776001,0.9394315481185913
2025-07-15,05:38:04.7,-0.040901895612478256,0.0749661773443222,0.01791526935994625
2025-07-15,05:38:04.7,-4.122910976409912,2.5859267711639404,0.4377461373806
2025-07-15,05:38:04.7,-5.249076843261719,4.177882194519043,0.36743858456611633
2025-07-15,05:38:04.7,-5.3008856773376465,4.576874256134033,0.9525265097618103
2025-07-15,05:38:05.0,-0.040901895612478256,0.07496612519025803,0.017915476113557816
2025-07-15,05:38:05.0,-4.159722805023193,2.6460723876953125,-0.017856882885098457
2025-07-15,05:38:05.0,-5.3008856773376465,4.623162269592285,0.6938685774803162
2025-07-15,05:38:05.4,-0.040901895612478256,0.07496550679206848,0.017918087542057037
2025-07-15,05:38:05.4,-4.005659103393555,2.865952968597412,0.21521763503551483
2025-07-15,05:38:05.7,-0.040901895612478256,0.07496584206819534,0.017916683107614517
2025-07-15,05:38:05.7,-5.459039688110352,3.8604538440704346,-0.6620407700538635
2025-07-15,05:38:05.7,-5.778074741363525,4.100971698760986,0.6074378490447998
2025-07-15,05:38:05.7,-6.557937145233154,4.627852439880371,-0.8499640226364136
2025-07-15,05:38:06.1,-0.040901895612478256,0.07496567070484161,0.017917390912771225
2025-07-15,05:38:06.1,-5.459039688110352,3.8805737495422363,-0.5315539240837097
2025-07-15,05:38:06.1,-5.555840969085693,4.415038108825684,-0.4617021083831787
2025-07-15,05:38:06.1,-6.305708885192871,4.987807273864746,0.7112039923667908
2025-07-15,05:38:06.4,-0.040901895612478256,0.07496730238199234,0.017910568043589592
2025-07-15,05:38:06.4,-5.459039688110352,3.8235323429107666,-0.8497071266174316
2025-07-15,05:38:06.4,-5.555840969085693,4.4010090827941895,-0.5803877115249634
2025-07-15,05:38:06.7,-0.040901895612478256,0.07496485859155655,0.017920803278684616
2025-07-15,05:38:06.7,-5.669003009796143,3.5972044467926025,-0.25503066182136536
2025-07-15,05:38:06.7,-5.555840969085693,4.432864189147949,-0.2354653775691986
2025-07-15,05:38:06.7,-6.593385219573975,4.7221293449401855,0.2845090627670288
2025-07-15,05:38:07.0,-0.040901895612478256,0.07496567070484161,0.017917390912771225
2025-07-15,05:38:07.0,-5.669003009796143,3.512502431869507,-0.816852331161499
2025-07-15,05:38:07.0,-5.521756172180176,4.410889148712158,0.09347283840179443
2025-07-15,05:38:07.4,-0.040901895612478256,0.07496334612369537,0.017927126958966255
2025-07-15,05:38:07.4,-5.459039688110352,3.8263564109802246,-0.8368983864784241
2025-07-15,05:38:07.4,-5.521756172180176,4.407541751861572,0.19559027254581451
2025-07-15,05:38:07.4,-6.664281845092773,4.765981674194336,-0.3856745958328247
2025-07-15,05:38:07.7,-0.040901895612478256,0.07496437430381775,0.017922809347510338
2025-07-15,05:38:07.7,-4.775978088378906,1.1833856105804443,0.30812761187553406
2025-07-15,05:38:07.7,-4.467850208282471,2.038930892944336,0.43172529339790344
2025-07-15,05:38:07.7,-5.669003009796143,3.4554531574249268,-1.031874179840088
2025-07-15,05:38:07.7,-5.778074741363525,4.076704978942871,-0.7532786726951599
2025-07-15,05:38:08.0,-0.040901895612478256,0.07496382296085358,0.01792513020336628
2025-07-15,05:38:08.0,-4.313786506652832,2.348778247833252,0.4240269064903259
2025-07-15,05:38:08.0,-3.9538497924804688,3.1576480865478516,0.09655366837978363
2025-07-15,05:38:08.0,-6.593385219573975,4.727141380310059,-0.18326546251773834
2025-07-15,05:38:08.4,-0.040901895612478256,0.07496584206819534,0.017916694283485413
2025-07-15,05:38:08.4,-3.9538497924804688,3.158665180206299,-0.05382607877254486
2025-07-15,05:38:08.7,-0.040901895612478256,0.07496115565299988,0.017936279997229576
2025-07-15,05:38:08.7,-3.9538497924804688,3.1565005779266357,-0.1287149041891098
2025-07-15,05:38:09.0,-0.040901895612478256,0.07496248185634613,0.01793074607849121
2025-07-15,05:38:09.0,-4.159722805023193,2.5958757400512695,0.5132707953453064
2025-07-15,05:38:09.0,-3.9538497924804688,3.157191038131714,-0.1104925349354744
2025-07-15,05:38:09.4,-0.040901895612478256,0.07496312260627747,0.017928041517734528
2025-07-15,05:38:09.4,-4.313786506652832,2.339163303375244,0.474208265542984
2025-07-15,05:38:09.4,-4.112003803253174,2.9476022720336914,-0.1267179399728775
2025-07-15,05:38:09.4,-6.557937145233154,4.664400100708008,-0.6187341809272766
2025-07-15,05:38:09.7,-0.040901895612478256,0.07496295869350433,0.017928749322891235
2025-07-15,05:38:09.7,-5.283161640167236,3.903193235397339,1.6074738502502441
2025-07-15,05:38:09.7,-5.3008856773376465,4.637348651885986,-0.5916761755943298
2025-07-15,05:38:09.7,-6.957412242889404,4.425763130187988,-0.024655068293213844
2025-07-15,05:38:09.7,-6.4420485496521,5.144076824188232,-0.17906133830547333
2025-07-15,05:38:10.0,-0.040901895612478256,0.07496266812086105,0.017929967492818832
2025-07-15,05:38:10.0,-5.778074741363525,4.13424825668335,-0.30812638998031616
2025-07-15,05:38:10.4,-0.040901895612478256,0.07496382296085358,0.017925139516592026
2025-07-15,05:38:10.4,-5.705814361572266,3.0557916164398193,-1.9587005376815796
2025-07-15,05:38:10.7,-0.040901895612478256,0.0749635100364685,0.01792643964290619
2025-07-15,05:38:11.0,-0.040901895612478256,0.07496514171361923,0.01791960559785366
2025-07-15,05:38:11.4,-0.040901895612478256,0.07496333867311478,0.01792713813483715
2025-07-15,05:38:11.4,0.0,0.13310882449150085,-1.3459233045578003
2025-07-15,05:38:11.4,-0.7607752680778503,1.1158384084701538,0.07316569238901138
2025-07-15,05:38:11.7,-0.040901895612478256,0.07496720552444458,0.017910972237586975
2025-07-15,05:38:11.7,0.0,0.5360846519470215,-1.241708755493164
2025-07-15,05:38:12.1,-0.040901895612478256,0.0749623104929924,0.017931465059518814
2025-07-15,05:38:12.1,0.0,0.708470344543457,1.1520838737487793
2025-07-15,05:38:12.1,0.46491822600364685,1.267751932144165,-0.0767039805650711
2025-07-15,05:38:12.4,-0.040901895612478256,0.0749623104929924,0.017931465059518814
2025-07-15,05:38:12.7,-0.040901895612478256,0.07496519386768341,0.017919398844242096
2025-07-15,05:38:13.0,-0.040901895612478256,0.07496561855077744,0.01791759952902794
2025-07-15,05:38:13.4,-0.040901895612478256,0.07496247440576553,0.017930757254362106
2025-07-15,05:38:13.7,-0.040901895612478256,0.07496514171361923,0.01791960559785366
2025-07-15,05:38:13.7,0.0,0.4500129520893097,1.182497501373291
2025-07-15,05:38:14.0,-0.040901895612478256,0.07496266067028046,0.017929987981915474
2025-07-15,05:38:14.4,-0.040901895612478256,0.07496080547571182,0.01793772727251053
2025-07-15,05:38:14.4,0.0,0.4212735593318939,-1.1000694036483765
2025-07-15,05:38:14.4,-0.4785521626472473,1.0718964338302612,-0.09823444485664368
2025-07-15,05:38:14.7,-0.040901895612478256,0.07496145367622375,0.017935022711753845
2025-07-15,05:38:14.7,-0.5521755814552307,1.0144784450531006,-0.23142972588539124
2025-07-15,05:38:14.7,0.1840585321187973,1.0846196413040161,-0.42112576961517334
2025-07-15,05:38:15.0,-0.040901895612478256,0.07496114075183868,0.01793632283806801
2025-07-15,05:38:15.0,0.0,0.49253615736961365,1.0218359231948853
2025-07-15,05:38:15.0,-0.6026212573051453,0.9561956524848938,-0.09632271528244019
2025-07-15,05:38:15.0,-0.572626531124115,1.0785573720932007,0.03357844054698944
2025-07-15,05:38:15.0,0.534451425075531,1.0982640981674194,-0.022187896072864532
2025-07-15,05:38:15.4,-0.040901895612478256,0.07495982199907303,0.017941845580935478
2025-07-15,05:38:15.7,-0.040901895612478256,0.07496244460344315,0.017930902540683746
2025-07-15,05:38:16.0,-0.040901895612478256,0.07496213167905807,0.017932182177901268
2025-07-15,05:38:16.4,-0.040901895612478256,0.0749620869755745,0.017932390794157982
2025-07-15,05:38:16.4,-0.0736234113574028,0.6013101935386658,1.0102622509002686
2025-07-15,05:38:16.8,-0.040901895612478256,0.07495523244142532,0.01796099543571472
2025-07-15,05:38:16.8,0.07089661806821823,0.4370250701904297,1.0443769693374634
2025-07-15,05:38:16.8,-0.6026212573051453,0.9550382494926453,0.10719170421361923
2025-07-15,05:38:17.0,-0.040901895612478256,0.07495692372322083,0.017953943461179733
2025-07-15,05:38:17.0,-0.10634492337703705,0.41908130049705505,1.048714518547058
2025-07-15,05:38:17.0,-0.5317246317863464,0.9879668951034546,0.1671253889799118
2025-07-15,05:38:17.4,-0.040901895612478256,0.07495921105146408,0.017944414168596268
2025-07-15,05:38:17.4,-0.0736234113574028,1.027570366859436,0.5712293386459351
2025-07-15,05:38:17.4,-0.4785521626472473,0.862349808216095,0.6441776156425476
2025-07-15,05:38:17.4,-0.035448309034109116,0.5162366032600403,1.0094472169876099
2025-07-15,05:38:17.7,-0.040901895612478256,0.07495692372322083,0.017953943461179733
2025-07-15,05:38:17.7,-0.035448309034109116,0.2688623368740082,1.1014522314071655
2025-07-15,05:38:18.0,-0.040901895612478256,0.07495559006929398,0.01795951835811138
2025-07-15,05:38:18.0,0.0,0.5307602882385254,1.0025138854980469
2025-07-15,05:38:18.4,-0.040901895612478256,0.07495774328708649,0.017950531095266342
2025-07-15,05:38:18.4,0.4608280062675476,1.0314544439315796,0.10237178206443787
2025-07-15,05:38:18.7,-0.040901895612478256,0.07495692372322083,0.017953943461179733
2025-07-15,05:38:18.7,-0.07089661806821823,0.4309023320674896,1.0469180345535278
2025-07-15,05:38:18.7,-1.5092799663543701,0.9558936357498169,0.08978907763957977
2025-07-15,05:38:19.0,-0.040901895612478256,0.07495774328708649,0.017950531095266342
2025-07-15,05:38:19.0,-0.14179323613643646,0.3025854825973511,1.0840097665786743
2025-07-15,05:38:19.4,-0.040901895612478256,0.0749557688832283,0.01795876957476139
2025-07-15,05:38:19.4,-0.10634492337703705,0.3362588584423065,1.0781285762786865
2025-07-15,05:38:19.7,-0.040901895612478256,0.07495757192373276,0.01795123890042305
2025-07-15,05:38:19.7,0.496276319026947,1.0199942588806152,0.007874215953052044
2025-07-15,05:38:20.0,-0.040901895612478256,0.07495675981044769,0.01795465126633644
2025-07-15,05:38:20.4,-0.040901895612478256,0.0749555453658104,0.0179597157984972
2025-07-15,05:38:20.4,0.0,0.3336052894592285,1.0384466648101807
2025-07-15,05:38:20.4,-0.5889872908592224,1.0176892280578613,-0.07089920341968536
2025-07-15,05:38:20.4,0.515363872051239,1.0572446584701538,-0.06525450944900513
2025-07-15,05:38:20.7,-0.040901895612478256,0.07495419681072235,0.01796533353626728
2025-07-15,05:38:21.0,-0.040901895612478256,0.07495506852865219,0.01796170324087143
2025-07-15,05:38:21.0,-0.10634492337703705,0.5735101103782654,0.9728912711143494
2025-07-15,05:38:21.4,-0.040901895612478256,0.07495705038309097,0.017953433096408844
2025-07-15,05:38:21.4,0.4608280062675476,1.0290175676345825,-0.12450260668992996
2025-07-15,05:38:21.4,-0.5671729445457458,0.9783709645271301,-0.08857546746730804
2025-07-15,05:38:21.7,-0.040901895612478256,0.07495816797018051,0.017948752269148827
2025-07-15,05:38:21.7,-0.07089661806821823,0.41696375608444214,1.0525470972061157
2025-07-15,05:38:21.7,-0.10225473344326019,0.3008212745189667,-1.043414831161499
2025-07-15,05:38:22.0,-0.040901895612478256,0.07495369017124176,0.017967455089092255
2025-07-15,05:38:22.0,-0.2208702266216278,0.6462683081626892,0.9597800374031067
2025-07-15,05:38:22.0,-0.6626107096672058,0.973719596862793,-0.021006813272833824
2025-07-15,05:38:22.4,-0.040901895612478256,0.07495769113302231,0.017950749024748802
2025-07-15,05:38:22.4,1.173884391784668,0.7261916995048523,1.1377002000808716
2025-07-15,05:38:22.7,-0.040901895612478256,0.0749545469880104,0.017963876947760582
2025-07-15,05:38:22.7,1.2543247938156128,0.6249229311943054,-1.040038824081421
2025-07-15,05:38:23.1,-0.040901895612478256,0.0749582052230835,0.01794859580695629
2025-07-15,05:38:23.1,-0.035448309034109116,0.14592218399047852,1.1243623495101929
2025-07-15,05:38:23.1,1.0907171964645386,1.0973591804504395,0.807266354560852
2025-07-15,05:38:23.4,-0.040901895612478256,0.0749589055776596,0.017945684492588043
2025-07-15,05:38:23.4,0.035448309034109116,0.7084974646568298,0.8851640224456787
2025-07-15,05:38:23.7,-0.040901895612478256,0.0749572217464447,0.01795271597802639
2025-07-15,05:38:23.7,0.4253796935081482,1.048998236656189,-0.07345341891050339
2025-07-15,05:38:23.7,1.3974814414978027,1.1066169738769531,0.14887988567352295
2025-07-15,05:38:24.0,-0.040901895612478256,0.07495541125535965,0.017960267141461372
2025-07-15,05:38:24.0,-0.035448309034109116,0.5501951575279236,0.9913471937179565
2025-07-15,05:38:24.0,-0.2944936454296112,0.846490204334259,0.7644291520118713
2025-07-15,05:38:24.0,0.4049287736415863,1.0958744287490845,-0.15071873366832733
2025-07-15,05:38:24.4,-0.040901895612478256,0.07495942711830139,0.01794351078569889
2025-07-15,05:38:24.4,1.3293116092681885,1.0592983961105347,0.07735791802406311
2025-07-15,05:38:24.4,0.6380695700645447,0.8871115446090698,1.3042495250701904
2025-07-15,05:38:24.7,-0.040901895612478256,0.07495692372322083,0.017953943461179733
2025-07-15,05:38:24.7,1.417932391166687,0.8312433362007141,-0.5865511298179626
2025-07-15,05:38:24.7,0.7089661955833435,1.346199870109558,0.8547824025154114
2025-07-15,05:38:25.0,-0.040901895612478256,0.07495494931936264,0.017962202429771423
2025-07-15,05:38:25.0,0.5848971009254456,1.4892247915267944,-0.5790262222290039
2025-07-15,05:38:25.4,-0.040901895612478256,0.07495872676372528,0.017946433275938034
2025-07-15,05:38:25.4,6.589295387268066,4.077027797698975,0.9735907912254333
2025-07-15,05:38:25.7,-0.040901895612478256,0.07495493441820145,0.017962254583835602
2025-07-15,05:38:25.7,1.3470357656478882,0.9518514275550842,0.16755138337612152
2025-07-15,05:38:25.7,0.7771360278129578,0.7201641201972961,-1.2751561403274536
2025-07-15,05:38:25.7,6.589295387268066,3.9439404010772705,1.4196367263793945
2025-07-15,05:38:26.0,-0.040901895612478256,0.07495837658643723,0.017947889864444733
2025-07-15,05:38:26.0,1.1397994756698608,0.6619895696640015,1.0055978298187256
2025-07-15,05:38:26.0,0.5698997378349304,1.103459358215332,-1.0982675552368164
2025-07-15,05:38:26.0,6.345247745513916,4.155255317687988,1.860249638557434
2025-07-15,05:38:26.4,-0.040901895612478256,0.07495644688606262,0.017955951392650604
2025-07-15,05:38:26.4,0.5317246317863464,1.5920727252960205,0.27881920337677
2025-07-15,05:38:26.4,6.589295387268066,3.727811813354492,1.9166253805160522
2025-07-15,05:38:26.7,-0.040901895612478256,0.07495830208063126,0.017948200926184654
2025-07-15,05:38:26.7,0.5698997378349304,0.4263617992401123,1.4973409175872803
2025-07-15,05:38:26.7,0.46628162264823914,0.7491275668144226,1.4035630226135254
2025-07-15,05:38:26.7,6.589295387268066,3.743825674057007,1.88515305519104
2025-07-15,05:38:27.0,-0.040901895612478256,0.07495509833097458,0.01796155795454979
2025-07-15,05:38:27.0,0.37220725417137146,1.5892590284347534,0.48050394654273987
2025-07-15,05:38:27.0,6.345247745513916,4.119610786437988,1.937907338142395
2025-07-15,05:38:27.4,-0.040901895612478256,0.07495743036270142,0.017951831221580505
2025-07-15,05:38:27.4,0.31085440516471863,1.627935528755188,0.04237300530076027
2025-07-15,05:38:27.4,0.6544303297996521,0.9786980152130127,1.2881813049316406
2025-07-15,05:38:27.4,1.3088606595993042,0.8797264695167542,-0.7473320960998535
2025-07-15,05:38:27.4,6.345247745513916,4.177155017852783,1.8105396032333374
2025-07-15,05:38:27.7,-0.040901895612478256,0.07495808601379395,0.01794910617172718
2025-07-15,05:38:27.7,1.1916085481643677,1.1421313285827637,0.15558017790317535
2025-07-15,05:38:27.7,0.46628162264823914,0.30083632469177246,-1.5622671842575073
2025-07-15,05:38:27.7,2.6177213191986084,2.283008098602295,0.3428845703601837
2025-07-15,05:38:27.7,6.101199626922607,4.309507369995117,2.2786736488342285
2025-07-15,05:38:27.7,-0.17724154889583588,0.30516329407691956,1.078054428100586
2025-07-15,05:38:28.0,-0.040901895612478256,0.07495825737714767,0.017948398366570473
2025-07-15,05:38:28.0,1.398844838142395,0.817669689655304,0.35106897354125977
2025-07-15,05:38:28.0,0.8289451003074646,0.8503392934799194,-1.1568807363510132
2025-07-15,05:38:28.0,2.6177213191986084,2.273794412612915,0.3994433879852295
2025-07-15,05:38:28.0,6.345247745513916,4.038630485534668,2.101461887359619
2025-07-15,05:38:28.4,-0.040901895612478256,0.07495514303445816,0.017961381003260612
2025-07-15,05:38:28.4,1.398844838142395,0.850063145160675,0.26310795545578003
2025-07-15,05:38:28.4,0.7253269553184509,0.8040608763694763,-1.2553831338882446
2025-07-15,05:38:28.4,6.3097991943359375,4.026154518127441,2.070223331451416
2025-07-15,05:38:28.4,-0.0368117056787014,0.37979257106781006,1.1144624948501587
2025-07-15,05:38:28.7,-0.040901895612478256,0.07495695352554321,0.017953818663954735
2025-07-15,05:38:28.7,0.8807541728019714,0.359189510345459,-1.3578861951828003
2025-07-15,05:38:28.7,0.36266347765922546,1.604040265083313,0.2100714147090912
2025-07-15,05:38:28.7,1.341582179069519,1.0050570964813232,-0.6242901086807251
2025-07-15,05:38:28.7,0.7266903519630432,1.1050363779067993,1.2043821811676025
2025-07-15,05:38:28.7,6.3097991943359375,4.1487531661987305,1.8120672702789307
2025-07-15,05:38:29.0,-0.040901895612478256,0.07495526969432831,0.01796085014939308
2025-07-15,05:38:29.0,0.6735178828239441,0.3536835014820099,-1.4730517864227295
2025-07-15,05:38:29.0,1.2434176206588745,1.0867842435836792,0.1463308185338974
2025-07-15,05:38:29.0,1.2297836542129517,0.812078595161438,-1.0138447284698486
2025-07-15,05:38:29.0,6.3097991943359375,4.1065802574157715,1.905712366104126
2025-07-15,05:38:29.0,2.6177213191986084,2.297074794769287,0.23052752017974854
2025-07-15,05:38:29.4,-0.040901895612478256,0.07495760172605515,0.017951123416423798
2025-07-15,05:38:29.4,-0.10634492337703705,0.412006676197052,1.0515140295028687
2025-07-15,05:38:29.4,1.3974814414978027,0.8074721693992615,-0.7712035179138184
2025-07-15,05:38:29.4,6.06711483001709,4.207663536071777,2.4072787761688232
2025-07-15,05:38:29.7,-0.040901895612478256,0.07495945692062378,0.017943374812602997
2025-07-15,05:38:29.7,0.8807541728019714,0.18725664913654327,-1.392051339149475
2025-07-15,05:38:29.7,1.5542720556259155,0.48565855622291565,0.31140661239624023
2025-07-15,05:38:29.7,1.3974814414978027,0.7070013880729675,-0.8642425537109375
2025-07-15,05:38:29.7,6.3097991943359375,3.88616681098938,2.322380304336548
2025-07-15,05:38:30.0,-0.040901895612478256,0.07496027648448944,0.01793995313346386
2025-07-15,05:38:30.0,0.45401105284690857,0.9249817132949829,-1.242627501487732
2025-07-15,05:38:30.0,6.06711483001709,4.2922234535217285,2.253051519393921
2025-07-15,05:38:30.4,-0.040901895612478256,0.07495608925819397,0.01795743778347969
2025-07-15,05:38:30.4,0.4144725501537323,0.6250408291816711,1.478558897972107
2025-07-15,05:38:30.4,6.3097991943359375,3.920884370803833,2.2632737159729004
2025-07-15,05:38:30.4,2.6177213191986084,2.3060302734375,0.10918156802654266
2025-07-15,05:38:30.7,-0.040901895612478256,0.07495543360710144,0.01796015352010727
2025-07-15,05:38:30.7,6.3097991943359375,4.1048359870910645,1.909467339515686
2025-07-15,05:38:30.7,1.0634492635726929,0.1888073831796646,-1.3147600889205933
2025-07-15,05:38:31.0,-0.040901895612478256,0.07495760172605515,0.017951123416423798
2025-07-15,05:38:31.0,1.2434176206588745,0.489462673664093,0.9812945127487183
2025-07-15,05:38:31.0,0.6735178828239441,1.2898080348968506,-0.794587254524231
2025-07-15,05:38:31.0,6.3097991943359375,3.900367259979248,2.2984511852264404
2025-07-15,05:38:31.0,0.0,0.21696946024894714,1.1134023666381836
2025-07-15,05:38:31.0,0.4608280062675476,1.0360773801803589,0.030360139906406403
2025-07-15,05:38:31.0,2.4772915840148926,2.392406463623047,0.1375780999660492
2025-07-15,05:38:31.4,-0.040901895612478256,0.07495707273483276,0.01795331947505474
2025-07-15,05:38:31.4,1.3824840784072876,0.6073306202888489,0.784253716468811
2025-07-15,05:38:31.4,6.06711483001709,4.162639141082764,2.484323024749756
2025-07-15,05:38:31.7,-0.040901895612478256,0.07495642453432083,0.017956024035811424
2025-07-15,05:38:31.7,1.3824840784072876,0.6363378167152405,0.7609063982963562
2025-07-15,05:38:31.7,0.37220725417137146,1.554494857788086,0.5832445025444031
2025-07-15,05:38:31.7,6.06711483001709,4.352184772491455,2.1349270343780518
2025-07-15,05:38:31.7,0.0,0.24587397277355194,1.1520286798477173
2025-07-15,05:38:31.7,-0.2944936454296112,0.1787382811307907,1.1264768838882446
2025-07-15,05:38:32.0,-0.040901895612478256,0.07495462894439697,0.017963523045182228
2025-07-15,05:38:32.0,0.46628162264823914,0.6110589504241943,-1.4689412117004395
2025-07-15,05:38:32.0,1.1916085481643677,0.9106093049049377,0.7067247033119202
2025-07-15,05:38:32.0,1.1179851293563843,0.7769684791564941,-1.1602369546890259
2025-07-15,05:38:32.0,6.06711483001709,4.261298656463623,2.3110082149505615
2025-07-15,05:38:32.0,-0.0736234113574028,0.18803836405277252,-1.1605366468429565
2025-07-15,05:38:32.4,-0.040901895612478256,0.07495462894439697,0.017963523045182228
2025-07-15,05:38:32.4,6.06711483001709,4.276703357696533,2.282374143600464
2025-07-15,05:38:32.4,0.5180906653404236,0.41375288367271423,-1.5195363759994507
2025-07-15,05:38:32.4,1.3470357656478882,0.8878054618835449,0.38196343183517456
2025-07-15,05:38:32.7,-0.040901895612478256,0.07495841383934021,0.017947722226381302
2025-07-15,05:38:32.7,6.552484035491943,3.8204092979431152,1.6669530868530273
2025-07-15,05:38:32.7,2.6177213191986084,2.3026697635650635,0.1655539870262146
2025-07-15,05:38:33.0,-0.040901895612478256,0.07495591044425964,0.017958177253603935
2025-07-15,05:38:33.0,1.1697942018508911,0.5913668274879456,-1.0849117040634155
2025-07-15,05:38:33.0,-1.595173954963684,0.2677038311958313,0.5281299948692322
2025-07-15,05:38:33.0,6.552484035491943,4.043896675109863,1.0105241537094116
2025-07-15,05:38:33.0,2.5086495876312256,2.423133373260498,0.13138419389724731
2025-07-15,05:38:33.4,-0.040901895612478256,0.0749543309211731,0.017964782193303108
2025-07-15,05:38:33.4,6.552484035491943,3.789618730545044,1.7358136177062988
2025-07-15,05:38:33.4,0.7253269553184509,0.3447296619415283,-1.450400710105896
2025-07-15,05:38:33.4,2.5086495876312256,2.3759939670562744,0.49344736337661743
2025-07-15,05:38:33.7,-0.040901895612478256,0.0749548003077507,0.01796281524002552
2025-07-15,05:38:33.7,0.5180906653404236,1.5166630744934082,-0.42416441440582275
2025-07-15,05:38:33.7,6.552484035491943,3.891893148422241,1.4924569129943848
2025-07-15,05:38:34.1,-0.040901895612478256,0.07495094835758209,0.017978865653276443
2025-07-15,05:38:34.1,6.3097991943359375,3.9978952407836914,2.1242825984954834
2025-07-15,05:38:34.1,1.3293116092681885,0.8376734256744385,0.6529935002326965
2025-07-15,05:38:34.4,-0.040901895612478256,0.07495452463626862,0.017963960766792297
2025-07-15,05:38:34.4,6.345247745513916,4.096705913543701,1.9858689308166504
2025-07-15,05:38:34.4,-0.0736234113574028,0.4302462935447693,1.0941169261932373
2025-07-15,05:38:34.4,0.5848971009254456,1.5628151893615723,-0.33267199993133545
2025-07-15,05:38:34.7,-0.040901895612478256,0.07495225220918655,0.01797344721853733
2025-07-15,05:38:34.7,1.2229666709899902,0.8231901526451111,0.8496335744857788
2025-07-15,05:38:34.7,0.5848971009254456,1.413891077041626,-0.7442942261695862
2025-07-15,05:38:34.7,6.345247745513916,4.047232151031494,2.0848476886749268
2025-07-15,05:38:35.0,-0.040901895612478256,0.07494969666004181,0.017984088510274887
2025-07-15,05:38:35.0,1.183428168296814,0.6547015905380249,0.0095450971275568
2025-07-15,05:38:35.0,0.5317246317863464,1.5218744277954102,-0.5443655252456665
2025-07-15,05:38:35.0,6.589295387268066,3.7939372062683105,1.7821543216705322
2025-07-15,05:38:35.4,-0.040901895612478256,0.07495324313640594,0.017969327047467232
2025-07-15,05:38:35.4,1.183428168296814,0.6437162160873413,0.11981110274791718
2025-07-15,05:38:35.7,-0.040901895612478256,0.07495539635419846,0.01796031929552555
2025-07-15,05:38:35.7,0.534451425075531,1.097481608390808,-0.04701446369290352
2025-07-15,05:38:35.7,-0.648976743221283,1.0256768465042114,-0.13831382989883423
2025-07-15,05:38:36.0,-0.040901895612478256,0.07495387643575668,0.01796666532754898
2025-07-15,05:38:36.0,-0.1104351133108139,0.3159921169281006,-1.1294145584106445
2025-07-15,05:38:36.0,0.515363872051239,1.058849573135376,0.02935994416475296
2025-07-15,05:38:36.4,-0.040901895612478256,0.0749523788690567,0.0179729163646698
2025-07-15,05:38:36.4,-1.7751423120498657,0.2744143605232239,0.3623182773590088
2025-07-15,05:38:36.7,-0.040901895612478256,0.07494882494211197,0.017987718805670738
2025-07-15,05:38:36.7,-0.2672257125377655,0.2612311542034149,1.1630405187606812
2025-07-15,05:38:36.7,0.45810121297836304,1.1272501945495605,-0.10846563428640366
2025-07-15,05:38:37.1,-0.040901895612478256,0.07494977116584778,0.017983796074986458
2025-07-15,05:38:37.1,0.08998417109251022,0.24192018806934357,0.043613251298666
2025-07-15,05:38:37.1,-0.05453586205840111,0.4331027865409851,0.755534827709198
2025-07-15,05:38:37.1,0.10361813753843307,0.28247639536857605,-0.7724120616912842
2025-07-15,05:38:37.1,-3.7956957817077637,3.3401577472686768,0.22143031656742096
2025-07-15,05:38:37.1,-3.0294671058654785,1.679258942604065,-2.7239012718200684
2025-07-15,05:38:37.1,-1.3115874528884888,0.20964345335960388,-0.9174029231071472
2025-07-15,05:38:37.1,1.3115874528884888,0.5709884166717529,0.7480312585830688
2025-07-15,05:38:37.1,-2.00419282913208,4.11930513381958,-0.014517029747366905
2025-07-15,05:38:37.1,-2.568639039993286,6.296985149383545,-0.8176299929618835
2025-07-15,05:38:37.1,-0.7635020613670349,1.0210922956466675,-0.8403432965278625
2025-07-15,05:38:37.4,-0.040901895612478256,0.0749460831284523,0.017999138683080673
2025-07-15,05:38:37.4,-0.0463554821908474,0.825706422328949,-1.231447458267212
2025-07-15,05:38:37.4,0.5099102854728699,1.3008404970169067,0.4982050359249115
2025-07-15,05:38:37.4,0.16360758244991302,1.2985626459121704,-0.00915508158504963
2025-07-15,05:38:37.4,0.8589398264884949,0.5274019837379456,0.8349764347076416
2025-07-15,05:38:37.4,-0.02863132767379284,0.241888165473938,0.8832312226295471
2025-07-15,05:38:37.4,0.42946991324424744,0.8077698349952698,-0.04990430921316147
2025-07-15,05:38:37.4,0.027267931029200554,0.1107109785079956,-0.8650922179222107
2025-07-15,05:38:37.4,0.28222307562828064,0.7177475690841675,-0.6419658064842224
2025-07-15,05:38:37.4,-3.8284173011779785,3.208430767059326,1.0515178442001343
2025-07-15,05:38:37.4,-2.429572582244873,3.522326946258545,0.5884090065956116
2025-07-15,05:38:37.4,-1.985105276107788,4.075605392456055,-0.19143010675907135
2025-07-15,05:38:37.4,-2.188251495361328,4.119091510772705,-0.19334961473941803
2025-07-15,05:38:37.4,-2.1268985271453857,6.439021587371826,-0.5813516974449158
2025-07-15,05:38:37.4,-3.141265392303467,7.754593372344971,-0.4098440706729889
2025-07-15,05:38:37.4,-0.47718876600265503,1.4371803998947144,-1.5701781511306763
2025-07-15,05:38:37.7,-0.040901895612478256,0.07494330406188965,0.01801072619855404
2025-07-15,05:38:37.7,-0.1840585321187973,0.5457262396812439,1.0275843143463135
2025-07-15,05:38:37.7,-0.13633964955806732,0.19837623834609985,1.0638244152069092
2025-07-15,05:38:37.7,-0.5794435143470764,0.9203962683677673,0.08234044909477234
2025-07-15,05:38:37.7,-2.405031442642212,3.5315589904785156,0.15737828612327576
2025-07-15,05:38:37.7,-1.1725209951400757,1.2124884128570557,-0.821321427822113
2025-07-15,05:38:37.7,-1.6851580142974854,4.164134502410889,-0.11856270581483841
2025-07-15,05:38:37.7,-1.7342402935028076,4.281798839569092,0.21427442133426666
2025-07-15,05:38:37.7,-1.7015188932418823,6.578482151031494,-0.3886815011501312
2025-07-15,05:38:37.7,-2.1678004264831543,6.572545528411865,0.47299617528915405
2025-07-15,05:38:37.7,-0.883480966091156,0.6704701781272888,-1.1121234893798828
2025-07-15,05:38:37.7,-0.8030405640602112,0.5299704074859619,-0.9505181312561035
2025-07-15,05:38:38.0,-0.040901895612478256,0.0749102532863617,0.01814768835902214
2025-07-15,05:38:38.0,0.11452530324459076,0.3751099705696106,1.156931757926941
2025-07-15,05:38:38.0,-2.405031442642212,3.510938882827759,0.412293404340744
2025-07-15,05:38:38.0,-0.9584677815437317,1.2973334789276123,-0.06407584249973297
2025-07-15,05:38:38.0,-1.6797045469284058,6.481194972991943,-0.5614442229270935
2025-07-15,05:38:38.0,-0.788043200969696,1.1569390296936035,-0.49079805612564087
2025-07-15,05:38:38.0,-0.13361285626888275,1.9852157831192017,-0.7818435430526733
2025-07-15,05:38:38.4,-0.040901895612478256,0.07494712620973587,0.017994802445173264
2025-07-15,05:38:38.4,-1.8133172988891602,3.6562154293060303,0.7229911684989929
2025-07-15,05:38:38.4,-0.8575764298439026,1.1819125413894653,-0.6881027817726135
2025-07-15,05:38:38.4,-0.6980590224266052,0.35776257514953613,-1.154930830001831
2025-07-15,05:38:38.4,-0.1745147556066513,1.3569915294647217,0.27796441316604614
2025-07-15,05:38:38.4,-1.0361813306808472,6.363656997680664,-1.5517083406448364
2025-07-15,05:38:38.4,-0.572626531124115,0.8021292686462402,-0.8612802624702454
2025-07-15,05:38:38.4,-0.2699525058269501,0.6902106404304504,-1.234344244003296
2025-07-15,05:38:38.4,-0.6748812794685364,1.0657155513763428,-0.6940146684646606
2025-07-15,05:38:38.4,-1.8324048519134521,3.7459049224853516,0.39089375734329224
2025-07-15,05:38:38.4,0.19087551534175873,0.5855562090873718,-1.054990530014038
2025-07-15,05:38:38.7,-0.040901895612478256,0.07494265586137772,0.01801341027021408
2025-07-15,05:38:38.7,-1.60471773147583,4.382059097290039,-0.12321697920560837
2025-07-15,05:38:38.7,-1.0634492635726929,1.081160306930542,0.7715792655944824
2025-07-15,05:38:38.7,-0.8875710964202881,3.9480385780334473,0.2970755100250244
2025-07-15,05:38:38.7,-1.8405853509902954,4.4080491065979,4.473171234130859
2025-07-15,05:38:38.7,-0.4949129521846771,1.2835041284561157,-0.42491066455841064
2025-07-15,05:38:38.7,-0.7635020613670349,1.183599829673767,0.5898284912109375
2025-07-15,05:38:38.7,-0.5494487881660461,0.5661047697067261,-1.0985713005065918
2025-07-15,05:38:38.7,-0.46491822600364685,0.7546543478965759,-1.0215553045272827
2025-07-15,05:38:38.7,-0.2208702266216278,0.5603838562965393,1.0123292207717896
2025-07-15,05:38:38.7,0.1745147556066513,0.8526483178138733,-1.0916414260864258
2025-07-15,05:38:38.7,0.8289451003074646,1.0810421705245972,0.3055214285850525
2025-07-15,05:38:39.1,-0.040901895612478256,0.0749487653374672,0.017987968400120735
2025-07-15,05:38:39.1,-0.8493960499763489,3.7839126586914062,0.19457310438156128
2025-07-15,05:38:39.1,-1.8037736415863037,3.952211380004883,4.7178754806518555
2025-07-15,05:38:39.1,0.601257860660553,6.292839050292969,-1.0819382667541504
2025-07-15,05:38:39.1,-1.0089133977890015,1.1687946319580078,0.47101306915283203
2025-07-15,05:38:39.1,-0.403565376996994,1.2509862184524536,-0.9370212554931641
2025-07-15,05:38:39.1,-0.0736234113574028,0.3276592791080475,1.1290894746780396
2025-07-15,05:38:39.4,-0.040901895612478256,0.07494303584098816,0.01801184006035328
2025-07-15,05:38:39.4,0.47446197271347046,0.7483571767807007,-0.9031386375427246
2025-07-15,05:38:39.4,-0.959831178188324,3.715461492538452,0.12035093456506729
2025-07-15,05:38:39.4,-0.950287401676178,1.37531578540802,-0.6365382671356201
2025-07-15,05:38:39.4,-0.883480966091156,1.0895154476165771,-0.706615149974823
2025-07-15,05:38:39.4,-0.7853164076805115,1.2428635358810425,-0.5526807308197021
2025-07-15,05:38:39.4,-0.04499208554625511,1.3602899312973022,0.46952950954437256
2025-07-15,05:38:39.4,-0.19087551534175873,0.7539864778518677,0.9420114159584045
2025-07-15,05:38:39.4,0.479915589094162,0.5992482304573059,1.1660737991333008
2025-07-15,05:38:39.4,0.0,1.2864903211593628,-0.5422989726066589
2025-07-15,05:38:39.7,-0.040901895612478256,0.07494111359119415,0.01801982894539833
2025-07-15,05:38:39.7,0.5071834921836853,0.8570812940597534,-0.9150978326797485
2025-07-15,05:38:39.7,0.2208702266216278,0.10485773533582687,0.09351921081542969
2025-07-15,05:38:39.7,-2.162346839904785,0.44619396328926086,-1.4859174489974976
2025-07-15,05:38:39.7,-1.4097520112991333,0.477516233921051,-1.4104347229003906
2025-07-15,05:38:39.7,-0.7157831788063049,0.9824925661087036,-0.9241776466369629
2025-07-15,05:38:39.7,-0.15815399587154388,1.1134005784988403,-0.5797743797302246
2025-07-15,05:38:39.7,0.25359174609184265,1.1858553886413574,-0.5988869667053223
2025-07-15,05:38:39.7,1.0566322803497314,0.20338305830955505,0.8193845152854919
2025-07-15,05:38:40.0,-0.040901895612478256,0.0749453753232956,0.018002083525061607
2025-07-15,05:38:40.0,-0.629889190196991,0.588348388671875,-1.1532373428344727
2025-07-15,05:38:40.0,0.479915589094162,0.7522503137588501,1.0737532377243042
2025-07-15,05:38:40.0,0.0,0.7549093961715698,1.069218397140503
2025-07-15,05:38:40.0,0.4908227324485779,1.0140637159347534,-0.6662461757659912
2025-07-15,05:38:40.4,-0.040901895612478256,0.07494071125984192,0.018021492287516594
2025-07-15,05:38:40.4,-0.5235442519187927,0.6116997003555298,-1.140557050704956
2025-07-15,05:38:40.4,1.0470885038375854,0.13681310415267944,-0.9132543206214905
2025-07-15,05:38:40.4,-0.7416877150535583,0.24275313317775726,-1.2614963054656982
2025-07-15,05:38:40.4,0.40901896357536316,1.036143183708191,-0.6871877312660217
2025-07-15,05:38:40.7,-0.040901895612478256,0.07494088262319565,0.018020786345005035
2025-07-15,05:38:40.7,-1.4997361898422241,1.2778377532958984,-0.9362574815750122
2025-07-15,05:38:40.7,-0.6748812794685364,0.6684552431106567,-1.0819305181503296
2025-07-15,05:38:40.7,-0.12270568311214447,0.9499620199203491,-0.891981840133667
2025-07-15,05:38:40.7,-0.8343986868858337,0.4002104699611664,-1.159315824508667
2025-07-15,05:38:40.7,2.00419282913208,0.706372857093811,0.23337040841579437
2025-07-15,05:38:40.7,-0.15815399587154388,0.43811386823654175,1.176373839378357
2025-07-15,05:38:40.7,-0.5930774807929993,1.0912708044052124,-0.241244837641716
2025-07-15,05:38:41.0,-0.040901895612478256,0.07494040578603745,0.01802276261150837
2025-07-15,05:38:41.0,0.0,0.9597288966178894,-0.8899644017219543
2025-07-15,05:38:41.0,-0.4908227324485779,0.5756615400314331,-1.068093180656433
2025-07-15,05:38:41.4,-0.040901895612478256,0.07494006305932999,0.018024196848273277
2025-07-15,05:38:41.4,-1.3743036985397339,1.100968837738037,-1.1334612369537354
2025-07-15,05:38:41.4,-1.709699273109436,1.5242968797683716,-0.9683990478515625
2025-07-15,05:38:41.4,-0.2863132655620575,0.7827209830284119,-1.009202003479004
2025-07-15,05:38:41.4,0.0,0.6524009704589844,1.0328056812286377
2025-07-15,05:38:41.7,-0.040901895612478256,0.07493814826011658,0.018032176420092583
2025-07-15,05:38:41.7,-0.07635020464658737,0.8052359819412231,0.9154672026634216
2025-07-15,05:38:41.7,-0.496276319026947,0.9389914870262146,-0.6035887598991394
2025-07-15,05:38:41.7,-0.1840585321187973,0.6523385643959045,0.9634318947792053
2025-07-15,05:38:41.7,0.4785521626472473,0.6460622549057007,0.8609387874603271
2025-07-15,05:38:42.0,-0.040901895612478256,0.07493887841701508,0.01802912726998329
2025-07-15,05:38:42.0,0.07089661806821823,0.27150478959083557,-1.0990902185440063
2025-07-15,05:38:42.0,-0.035448309034109116,0.44831544160842896,-1.0413919687271118
2025-07-15,05:38:42.4,-0.040901895612478256,0.07493377476930618,0.01805032603442669
2025-07-15,05:38:42.4,-0.524907648563385,2.161982297897339,-0.8990427255630493
2025-07-15,05:38:42.7,-0.040901895612478256,0.07493895292282104,0.01802881620824337
2025-07-15,05:38:43.0,-0.040901895612478256,0.07493951916694641,0.01802646555006504
2025-07-15,05:38:43.4,-0.040901895612478256,0.07493886351585388,0.01802917942404747
2025-07-15,05:38:43.7,-0.040901895612478256,0.07493728399276733,0.018035754561424255
2025-07-15,05:38:44.0,-0.040901895612478256,0.07493700087070465,0.018036918714642525
2025-07-15,05:38:44.4,-0.040901895612478256,0.07493658363819122,0.018038656562566757
2025-07-15,05:38:44.4,3.313053607940674,1.2271610498428345,0.07980915904045105
2025-07-15,05:38:44.8,-0.040901895612478256,0.074936643242836,0.01803840696811676
2025-07-15,05:38:44.8,3.313053607940674,1.228181004524231,-0.062171570956707
2025-07-15,05:38:44.8,-0.22496041655540466,2.139052152633667,-1.0638715028762817
2025-07-15,05:38:45.0,-0.040901895612478256,0.0749364122748375,0.01803937368094921
2025-07-15,05:38:45.0,3.313053607940674,1.2199854850769043,-0.154690220952034
2025-07-15,05:38:45.4,-0.040901895612478256,0.0749368742108345,0.01803743839263916
2025-07-15,05:38:45.4,-0.2699525058269501,0.48516130447387695,1.3283880949020386
2025-07-15,05:38:45.4,-0.7198733687400818,1.2164201736450195,0.2738156020641327
2025-07-15,05:38:45.4,3.592550039291382,0.28093427419662476,-0.8758862614631653
2025-07-15,05:38:45.7,-0.040901895612478256,0.07493451982736588,0.018047217279672623
2025-07-15,05:38:46.1,-0.040901895612478256,0.07493734359741211,0.018035493791103363
2025-07-15,05:38:46.1,3.313053607940674,1.2219356298446655,-0.1384449601173401
2025-07-15,05:38:46.4,-0.040901895612478256,0.07493434846401215,0.018047934398055077
2025-07-15,05:38:46.4,3.1630799770355225,1.4714279174804688,0.10947947949171066
2025-07-15,05:38:46.4,0.1854219287633896,0.5138948559761047,-1.379106044769287
2025-07-15,05:38:46.7,-0.040901895612478256,0.07493764162063599,0.018034277483820915
2025-07-15,05:38:46.7,3.2721517086029053,1.214335560798645,0.023928508162498474
2025-07-15,05:38:46.7,0.0927109643816948,0.6781517267227173,-1.3160234689712524
2025-07-15,05:38:46.7,0.6953322291374207,1.3099488019943237,0.03082011081278324
2025-07-15,05:38:47.1,-0.040901895612478256,0.07493351399898529,0.018051398918032646
2025-07-15,05:38:47.1,0.04771887883543968,1.1932669878005981,-0.9516188502311707
2025-07-15,05:38:47.1,0.524907648563385,0.8903043866157532,1.1240870952606201
2025-07-15,05:38:47.1,3.2721517086029053,1.1812094449996948,-0.2827150523662567
2025-07-15,05:38:47.1,3.439849615097046,0.9588461518287659,1.2866069078445435
2025-07-15,05:38:47.1,0.1390664428472519,1.148557424545288,-0.9283744096755981
2025-07-15,05:38:47.4,-0.040901895612478256,0.07493869215250015,0.018029898405075073
2025-07-15,05:38:47.4,3.381223440170288,0.8230056762695312,-0.268608421087265
2025-07-15,05:38:47.4,0.14315663278102875,1.2685840129852295,-0.8378200531005859
2025-07-15,05:38:47.4,0.7635020613670349,1.0903879404067993,0.748238205909729
2025-07-15,05:38:47.4,-0.5508121848106384,4.368725776672363,-0.16751478612422943
2025-07-15,05:38:47.7,-0.040901895612478256,0.07493481785058975,0.018045999109745026
2025-07-15,05:38:47.7,-0.6885152459144592,4.345884323120117,0.23760266602039337
2025-07-15,05:38:48.1,-0.040901895612478256,0.0749322921037674,0.018056495115160942
2025-07-15,05:38:48.1,3.381223440170288,0.8294897675514221,-0.2478620707988739
2025-07-15,05:38:48.1,3.592550039291382,0.8751293420791626,0.2832833230495453
2025-07-15,05:38:48.1,-0.6885152459144592,4.3089823722839355,0.6130571365356445
2025-07-15,05:38:48.1,-2.233243465423584,4.424471855163574,1.2219531536102295
2025-07-15,05:38:48.4,-0.040901895612478256,0.07493036240339279,0.01806449517607689
2025-07-15,05:38:48.4,3.313053607940674,1.227040410041809,-0.08164381980895996
2025-07-15,05:38:48.4,0.3340321481227875,0.9904490113258362,-1.1131823062896729
2025-07-15,05:38:48.4,0.8589398264884949,1.189307451248169,0.4236880838871002
2025-07-15,05:38:48.4,-0.5126370787620544,3.9746811389923096,0.870693564414978
2025-07-15,05:38:48.4,-0.6612473130226135,4.064970016479492,0.9738829135894775
2025-07-15,05:38:48.7,-0.040901895612478256,0.07493292540311813,0.018053853884339333
2025-07-15,05:38:48.7,0.24541138112545013,1.0865275859832764,-1.1073024272918701
2025-07-15,05:38:48.7,1.1779745817184448,0.8468542695045471,0.6017484068870544
2025-07-15,05:38:48.7,-0.668064296245575,4.0725417137146,1.1175633668899536
2025-07-15,05:38:49.1,-0.040901895612478256,0.07493150979280472,0.018059730529785156
2025-07-15,05:38:49.1,-0.23177741467952728,1.0318118333816528,-1.0402145385742188
2025-07-15,05:38:49.1,0.0,2.311828851699829,-0.45381057262420654
2025-07-15,05:38:49.1,3.4234888553619385,0.8604287505149841,-0.16734494268894196
2025-07-15,05:38:49.1,0.6053480505943298,1.3598017692565918,-0.62476646900177
2025-07-15,05:38:49.1,0.1008913442492485,1.2155733108520508,-1.0573753118515015
2025-07-15,05:38:49.1,-2.372309923171997,4.409559726715088,0.7354724407196045
